uuid,name,cathedra_id
db3337f8-6ba3-4c48-a82e-db8300de421e,ІА-01,10121
9f47069e-23eb-4ce4-8476-5771bb8cd338,ІА-01мн,10121
be2f6da6-e6d1-4633-9c0e-af74586c0b9c,ІА-01ф,10121
7106a8fa-1b85-4086-951c-4baf1194f260,ІА-02,10121
939ffd4e-7a4a-4f10-96be-574b00f06d6b,ІА-02мп,10121
25f67105-a79e-4666-b511-fb2803fdc6fc,ІА-03,10121
96860c67-2892-4fe3-8a2f-b15dc3adc159,ІА-04,10121
e13bd1e7-22a7-4217-8170-a2a00fd3bbb1,ІА-71,10121
f13313f6-5808-414c-88c6-ab4f1d443b9a,ІА-72,10121
a1a1edb8-397a-4dac-af8e-47d468fec29d,ІА-73,10121
ae7c3d8c-9a36-434d-af7c-31a62779905e,ІА-81,10121
f7d870b3-3e81-4133-a4b3-90eed09aa8a8,ІА-82,10121
57e04d1f-9a72-44c3-bfdb-9e66f05f34aa,ІА-83,10121
1bfc98af-4f28-40dc-91de-3dc7260b7f04,ІА-91,10121
dc01f3a9-e267-4a98-8716-516e094db412,ІА-91мн (АУТС),10121
ab462175-f7c5-4aef-9fb9-e6f14cba01fd,ІА-92,10121
58c5d5c5-8d9a-412b-b20f-408302abf6e8,ІА-93,10121
a09f7d25-76fb-436b-a109-64b508971a2c,ІА-94,10121
58e5c47d-abf5-4a81-800d-8cefac9e809c,ІАР-01ф,
dff22692-7e0b-41cb-a47a-494241b5b6e0,ІАР-91ф,
253cbb80-8cb9-4a90-9015-95dcaec566ab,ІВ-71,10164
57cc172f-94ad-43c1-a016-1850d23e927e,ІВ-72,10164
94bb8054-e481-4a4c-bb04-b9463c98d2cb,ІВ-73,10164
e1dd1136-3fd1-4c47-9d59-0c809290ff6e,ІВ-81,10164
1b0f1e3d-47b4-4dba-9094-65a6b5a70ab7,ІВ-82,10164
c1d0fad7-9f23-4cb1-aba2-a0cdde616637,ІВ-83,10164
45c37c7d-08f3-4bbb-a3dd-1bcc2cc62a51,ІВ-91,10164
152f7057-b010-4c0c-bbc7-7c6e1b37dce2,ІВ-92,10164
be2f4730-c3ac-4ec4-9e3b-11c18ab26c3d,ІВ-93,10164
e41c403d-3719-45be-8f46-80736dcae94f,ІК-01,10193
9f91087a-4827-4126-a7da-5bb73b9f4161,ІК-01мн,10193
222bf7d0-02a2-4e12-871a-116ca00661e9,ІК-01мп,10193
1ca1ca1e-6019-4f39-8e43-531bd0dea8cd,ІК-01ф,10193
a0b7b304-2030-4203-a690-814ce4e1e23f,ІК-02,10193
ad633c29-3d1f-4eb7-ae78-e338a39e967c,ІК-03,10193
4b22ed49-97e3-4177-acb2-83831d22dd8a,ІК-71,10193
29de8b50-421c-44e8-ae9c-0aa5339ede76,ІК-72,10193
0e630658-68fe-406d-b9d6-d2feb81a759f,ІК-73,10193
c53a4221-d7ca-4417-8534-dbccce1c3d1a,ІК-81,10193
d956aba4-ee4d-4561-b041-35ac6310da3f,ІК-82,10193
0df423fc-a2ac-4810-b155-5adbdcfab898,ІК-83,10193
e1e87019-7866-4d19-8d0a-6c676aa8e3c6,ІК-91,10193
ae9fde91-a22e-494c-a219-d868a66f2b85,ІК-92,10193
da5e1ec8-415a-4896-bc7a-c4aa6a145a60,ІК-93,10193
55b06f8b-886b-4137-8fd8-2227ff20646d,ІО-01,10164
17d61114-321e-4a6b-b395-0e045b6416b7,ІО-01мн,10164
952eab96-12f5-4fb7-bde3-99bfcbd1d14a,ІО-01мп,10164
5d4d5107-68c2-4d26-858a-40a2b24993c7,ІО-01ф,10164
3d6231ca-9e07-4115-ba50-89e637b83259,ІО-02,10164
ed1db304-c382-4d5b-a429-db9ed998dd63,ІО-02мп,10164
c649bcf5-767a-478f-8404-02fd75d1281f,ІО-03,10164
284d44ab-7e9a-4195-8216-5bdfe7dd2494,ІО-04,10164
b1d5bf8f-3604-4680-b694-010eeeaff0a0,ІО-05,10164
2e9e5eea-6da3-479e-9df7-19f13d3d4d7c,ІО-06,10164
9af95f1b-84da-4926-820a-8b080590a894,ІО-71,10164
68817254-58fa-4ddf-8c9d-e41823a69932,ІО-72,10164
f1d97653-afbb-4238-9095-db9e83f7cb4e,ІО-81,10164
a6374cf8-2d55-48b6-ba59-13af6441fe28,ІО-82,10164
4dcb052f-56b6-4a78-8b42-3e897e1b8ea8,ІО-83,10164
927927a8-55c9-4bb8-88ad-2a22dd8b2180,ІО-91,10164
3c588df9-8e37-418f-8624-bf108dba5674,ІО-91ф,10164
11d7c8d1-29a9-4c89-96ea-bcaafbab5f9a,ІО-92,10164
794fb5cd-4577-43fb-aa10-9799f973d622,ІО-93,10164
b7b399d2-4554-47ff-af5a-123234d120ab,ІП-01,10120
5fd29ac1-cdf8-4922-a656-bc9e89a4cf6e,ІП-01мн,10120
14d1c07a-cfcd-4761-b878-e6a55dc85599,ІП-01ф,
4a59b403-0134-4bf3-bf4a-feb388e80a72,ІП-02,10120
dcd3a977-b17b-43af-8f84-94430094da8a,ІП-02мп,10120
28c68c91-9e07-4f5b-90a7-e4884c924ceb,ІП-02ф,
ce34b265-a361-4984-8a59-2c0023138ce8,ІП-03,10164
87211a23-d645-43bf-8400-7042a9d0a388,ІП-03мн,10164
e862f093-c1e6-4f00-b29b-6492b5684d42,ІП-04,10164
1c403f95-ba62-4289-9bac-19db6b7f8ae0,ІП-04мп,10164
9c256301-956a-417e-8262-20cbad441576,ІП-05,10164
1a759706-ad00-466b-a9cd-aa2305fdddb0,ІП-71,10120
8b2432eb-3127-4302-b98d-c350feafcf1f,ІП-72,10120
d0ec76b9-57be-4be3-9ade-6d2c32adb6e4,ІП-73,10164
d3e535f6-9f3a-42e6-9dca-224242001b06,ІП-74,10164
e6e93d60-4558-402b-b71d-e4d9f5db6fb9,ІП-75,10164
b6d9e1f2-44aa-4797-8c6f-1108e17ff8a8,ІП-76,10164
1b486adf-a8e9-4c43-a3ec-2ccf70f3579b,ІП-81,10120
494e5743-35fb-4a3f-b868-44662e6cd66e,ІП-82,10120
95fdb1fc-e273-4caa-90c3-9128a4651b95,ІП-83,10164
fc216c80-914b-4bc5-9629-a6fb1ff2f694,ІП-84,10164
b5077f37-3070-42c0-b99b-5182f9cbdd94,ІП-86,10164
c7933c85-cf9d-44e6-9636-a7e0f8ed50fb,ІП-87,10164
cdce501c-e504-4f5c-ac0c-bfe53974f7fa,ІП-91,10120
a9e886a4-de0b-447a-9ccd-1ad2d4fd986f,ІП-91ф,10120
20eef8aa-5e2b-4225-8f05-e8fc682dc125,ІП-92,10120
271a47b1-5030-433d-bfe2-0210c0a38504,ІП-92ф,
85c0e20d-91e2-474f-9eea-d01718650b6c,ІП-93,10164
c5015ba2-7ba6-427a-ba0a-020719c426bb,ІП-94,10164
60d0e743-eddf-4a6d-81a2-06bc5a5fd1d2,ІП-95,10164
c9628094-1803-473e-bc86-16a7101c8e84,ІП-96,10120
a1da1be5-9b5c-43f5-b627-b1daff1c9832,ІП-98,10164
275813aa-95b5-46fa-bdca-3bbc605f13c2,ІС-01,10120
2854c763-f58d-4405-8db2-02f229174dea,ІС-01мн,10120
6c6eda27-5ceb-4bdd-9ecd-a96197147a66,ІС-01ф,
da792f1f-a6fa-4596-b372-dd98c9483f32,ІС-02,10120
1aed12dc-7989-4736-9c67-917361c9ca66,ІС-02мп,10120
d22acd0f-a15d-48ab-a699-4a0fdda7aad8,ІС-03,10120
6e40f9cc-7a54-473e-a884-b636c51d741c,ІС-71,10120
5966bc71-4bc1-43dd-b0bc-4f59f91ac4f3,ІС-72,10120
66a67337-5abc-4c7b-86f1-350168002041,ІС-73,10120
5e39a064-9544-43c9-8230-a2a0782997c6,ІС-81,10120
9f3338a8-b4ba-4f73-b929-49fe179bb2cb,ІС-82,10120
582b1b39-745a-45e9-a5d6-b72b21e52db8,ІС-83,10120
743e7157-ab41-4ce3-84e4-c8e49ad1e4fc,ІС-91,10120
6c31f78f-1302-4f24-8d33-417c41e844e7,ІС-92,10120
e090a1d7-93e7-4b3f-8641-0983259391b6,ІС-93,10120
90866879-d4b7-44b2-8d36-ee7fc33eef06,ІТ-01,10121
8f6417fb-18c9-4cdb-94c8-b633a2882256,ІТ-01мн,10121
a2dcfc09-88aa-42e5-a4f8-46117598e427,ІТ-02,10193
22d8327c-c951-4a29-9a68-db484b706c4c,ІТ-02мн,10193
16ba0dc5-d33e-490f-8015-590301a605a3,ІТ-02ф,10193
acb12f37-bf63-41f1-9439-47ab2b1560b1,ІТ-03,10121
11edfbf2-683f-4769-98d1-013a16712a1c,ІТ-03мп,10121
ef2a7a41-1947-4f58-9c5d-1380ba3ffbd3,ІТ-04,10193
49a2ddfc-8e81-43f6-ac71-1e23e9dc64f1,ІТ-04мп,10193
5caeb887-adeb-4471-9339-117a932caa1d,ІТ-71,10121
97b22090-a0c8-4e05-95a0-1008a219f83b,ІТ-72,10193
530e5276-3950-4be2-b608-8544630ee12b,ІТ-73,10121
9dad6e78-4a3a-42c7-82f7-58645b085cab,ІТ-74,10193
88aaa7d3-8858-4a6b-8155-99acd1de8249,ІТ-81,10121
149e2cce-91dd-4f18-add0-82da5b6d204c,ІТ-82,10193
21f8b0ff-2bd4-4eed-bd92-a5ad19b09eb4,ІТ-83,10121
34e6d27f-2aff-4636-a0cb-47c28d9362b1,ІТ-84,10193
f8afa27a-6e5f-4a1f-8e85-7c3d4219f8a3,ІТ-91,10121
a16213f9-b582-406f-87db-f52c6aec071d,ІТ-91ф,10121
0f46c80e-d38b-40aa-b27d-ec017ecfb8be,ІТ-92,10193
8d0fe686-7d22-4de7-bfc7-90736b596afe,ІТ-92ф,10193
231e831e-8f31-43a8-9a22-0b48d10a52a7,ІТ-93,10121
e1519e33-babf-48ad-a434-66b8d07923d3,ІТ-94,10193
7f434971-647e-47bb-be76-71b9fee80d5b,АК-01,
92a81c8b-d147-435f-af3e-b1196d5e49b0,АК-01мп,
bfa4838a-140c-41e6-bed0-ea1f0bb41db4,АК-02,
f4a90795-6351-435f-8884-28420a8f7397,АК-04,
2245fa16-5b6d-4d62-b344-0efd6ab6e130,АК-91,
1628d0f9-c14c-4379-81fd-5eed2e87679c,АЛ-01,12746
5a504157-af01-46e9-9d60-95389c3f44ac,АЛ-01ф,
fc1d48a1-8b69-4089-91c1-01880db7cbab,АЛ-02,12746
1f53c3e4-1ae1-40c2-b6e9-fff8be168edc,АЛ-03,12746
ce683741-4e4b-4728-ae77-1a95396f4d15,АЛ-91,12746
c047aa21-aae8-4a57-9748-392c8f645e35,АЛ-91ф,
7c408f0f-ada0-4292-824a-070b8d92f2b3,АЛ-93,12746
9199f688-9047-4c1b-b8c7-82c0defe6860,АЛ-94,12746
31a5a178-8e00-4d5d-bd57-f4bdca30c3f2,АЛ-з01,12746
ba4ac418-3464-4466-94c5-44e7a92b09dc,АЛ-з91 (АР),12746
21c4b17b-ae30-4064-86f0-71bb38fb8439,АЛ-п01,12746
3000e32d-0f15-48ac-aa4e-2b3e0df460f5,АМ-01,12190
5ffd5a2d-f80b-4e2e-8c82-933c5f6b13a8,АМ-71,12190
12895129-581a-42c4-ba36-253fdc169322,АМ-91,12190
34a0f7b4-3901-4990-b32f-fa406651ba7a,АС-01мп,12747
7e484b96-0370-440d-85c7-bef4a4b67ce9,АС-01ф,12747
c9bea592-7a26-41e3-aae4-9f5b38a4e8ea,АС-02,12747
eb75ebc0-2e4b-4ef2-9735-790f45ec123c,АС-91,12747
cb730dc9-4e1f-4636-9aab-95205a1cd89c,АС-91ф,12747
24c1b569-99e0-40fc-89f5-400d68114f44,АС-92,12747
bbd119e6-e09f-4b1f-9b9a-9860bad5c3ba,АС-з01мп,12747
74eb7caa-5bc8-4352-b73c-6e8c1853f68b,АС-п01 (СКЛА),12747
0282ac1f-e9c1-4029-8afa-4d37794cbefc,АС-п91,12747
a2ff3b3a-244c-4464-a8ff-e5bb64b266ca,АТ-01,12777
7c8ca04e-5420-47f0-b855-08289f5e84a5,БІ-01,10125
20ee4443-210a-46b8-b989-b2acf333c47f,БІ-01мн,10125
482af8dd-ba5b-4b8b-9f98-d4330160a323,БІ-01мп,10125
c4c132d7-7f05-429f-a3cc-5edf620629be,БІ-71,10125
55954684-e8e6-429f-a18f-bcf49a82cfa0,БІ-81,10125
f117f614-535b-4dfa-9134-1533771e4247,БІ-91,10125
2800f1e9-69b8-44ba-9bb6-42fa8f31c1be,БЕ-01,10133
a28d1616-d547-4d0f-8b22-5afff6a00ab3,БЕ-01мн,10133
d73a15f5-ad2f-4700-ae7a-29d318fc78b3,БЕ-01мп,10133
a4569594-5e56-4f55-bd08-669b8196a622,БЕ-01ф,10133
2a540f81-d7ab-486b-8ad5-c4e951536329,БЕ-71,10133
a6d7b7fa-c6a6-4e47-a102-c0987d05da4d,БЕ-81,10133
cdb6d481-d6d1-479d-9777-619312640a6e,БЕ-91,10133
ee594916-2439-4d9c-ab15-069756af7a3d,БМ-01 (),12211
44b492ba-d959-449d-b67c-decb3f41d603,БМ-01 (),11811
3f7fda97-e139-437a-8743-07062a0f2946,БМ-01мн,11811
1b70c24e-915c-4866-9fae-376e102d608e,БМ-01мп (БМІ),12211
9e6cf469-57c8-4ec7-ad08-44dd699f90f0,БМ-01мп (БІ),
6876f5c6-50fc-4566-bd08-46d2971e0d98,БМ-02,12211
a460219d-f173-4953-8dc6-e477e2a0c8d6,БМ-03і,
5943b8cb-4498-4b77-96e9-57ab210de627,БМ-71 (БМІ),12211
623d3bbb-cfcd-4322-adc7-764f94ac82fb,БМ-71 (БІ),
279001b9-57ea-4a1a-9b1d-01ed01912a3e,БМ-72,12211
3e48a871-42b0-43fc-a436-82cb9c3e3cf0,БМ-81 (БМІ),12211
b4a0dd17-920b-4a7a-b6e5-28327ebee9b9,БМ-81 (БІ),
9a6246af-ea30-4bf0-a252-c924d445e4ec,БМ-82,12211
81a79283-f307-4bd1-934f-f029e26db979,БМ-91 (БМІ),12211
ddd93b77-600b-476d-972d-8d4171f434ea,БМ-91 (БІ),
83b3508d-37e8-4f12-8fcd-ea3d8243d6da,БМ-92,12211
95723e6a-1782-4f97-b9dd-fcd01a62a3ae,БМ-93і,
da00213f-ad35-4df8-ae41-b5811b8c015b,БП-71,12211
0d4c9d2c-cd7b-4935-961c-766d0346c20b,БП-81,12211
47ea53e6-37b1-4533-8dee-8670684ba125,БП-91,12211
675d9088-320c-43ab-be7b-7e2e6ad357d8,БР-01,12218
4114d07c-a9aa-4e53-82f4-b496886bfd32,БР-01мп,12218
3003e684-fc51-409b-a8dd-050e2b0fa3f5,БР-01ф,12218
55688408-64e4-46c7-8044-a79fb25e44e2,БР-02,12218
396e434a-17f8-48ae-9fa5-a52da2367449,БР-71,12218
e63253cb-2c42-4f29-ba3f-43a3c37e3398,БР-81,12218
7002ef84-b392-4984-930d-5081ec89d88e,БР-91,12218
7735c129-9e30-443f-971e-b7f3e51df9e9,БР-91ф,12218
4cad406c-7f6d-4ca9-8484-99d3924fa9ce,БР-п01,12218
fb6fac64-d717-44d5-898b-e90cb43a9402,БР-п81,12218
da90e14d-fcf4-44af-baed-eb29f25f5561,БР-п91,12218
e1db1e7b-5db6-47e8-aba1-d155407379ca,БС-01,12213
c01f5b08-782c-4e28-bb2e-4d769d75cb7a,БС-01мн,12213
e870ffe2-777f-433b-bfba-c0f5405d1026,БС-01мп,12213
ac851b09-34a9-41ff-8783-079603828504,БС-02,12213
a6a2dd79-e656-4c5d-9068-39ed497d474c,БС-03,12213
1f8e5f6e-a8d4-4655-ab19-d05121abe577,БС-04,12213
68bcfa63-ee61-4f59-9989-e7f657c06146,БС-71,12213
a9717f4f-e6cf-4c9e-ac52-c41d5afc8b3e,БС-72,12213
1ce8c8c0-26ad-442d-9b9b-d19e3da46fc7,БС-73,12213
eef90101-3676-426d-aceb-9158288c18eb,БС-81,12213
4e3e1013-33e7-415c-af19-9250b29b0116,БС-82,12213
2f247032-b433-4ce2-8959-2552ec09d70c,БС-83,12213
ff3c7d4f-d36a-4e3f-a7bf-d71d6186639d,БС-91,12213
3abe8b85-fa46-4077-94c9-5d8cb4efef41,БС-92,12213
f6938eb0-9147-40fd-b5b4-967afd3a2837,БС-93,12213
a776169a-3230-47ca-9d68-e1b9f5603ccb,БТ-01,10175
ad9c3328-b51f-4195-bdb8-af86ed416e5b,БТ-01мн,10175
a8681cfe-969c-47e7-a8ef-b2f7c7c5687a,БТ-01мп,10175
34aa1c0f-f87b-42de-bfc1-f3e4dac9c4ca,БТ-01ф,10175
d51599a5-54dc-4cb0-9ceb-48ef92acda55,БТ-02,10175
ff5c1a87-654f-4366-8f6c-25a3c4ed196f,БТ-02ф,10175
dd1c4db4-94fa-4dbf-b02f-27d07f418859,БТ-71,10175
1200cc60-77e9-4ce6-b170-63c50cdbf356,БТ-72,10175
8a8fc35d-f5e8-4656-8c57-4d3629349b7b,БТ-81,10175
8312d85f-a5d5-4d0b-891a-f91a5d03eaad,БТ-82,10175
d140d81c-0a72-46c2-93d2-2ada9b32198d,БТ-91,10175
ff2cd703-1123-4f0c-8ce5-221cf374f8bc,БТ-92,10175
e442b6d7-01af-47e7-bdbf-0c12966db489,БФ-01,12776
bcd3de04-24f3-44f6-ad2f-230b65849d23,БФ-01мп,12776
9112f2a7-95df-4de8-b720-a116b2f4f46d,БФ-91,12776
c9a95069-8035-4837-b13a-086433afdd03,ВА-71,12904
b384d175-d22e-4682-a952-8cf92529b886,ВВ-71,12904
f4952ebf-cb54-4967-a974-6074b18701df,ВЛ-71,12747
6b45cd83-bc0f-4bfb-84bc-a6f7f9559d90,ВЛ-72,12746
51be1a9d-6e2b-495d-872a-197e48c8f458,ВЛ-73,12746
c75534fd-2903-4eff-bc8f-32ed0f8676d4,ВЛ-81,12747
b1b5fd81-cd2c-47ca-b790-101c51e4a6a6,ВЛ-82,12746
bddd2fc3-4b4b-444f-a5f6-c19de239b7c8,ВЛ-83,12746
da2d5d2f-1386-4658-a53f-b48ad6238614,ВЛ-п81,12747
991a0731-ac9b-4803-8c8e-c226bb9f3376,ВЛ-п84,12746
5bdb4b3c-7956-43c1-8da6-14fa0cebbda4,ДА-01,10248
f491fc38-6a9c-4255-bdf1-65850b5780b8,ДА-01мн,10248
da0a0bb9-e13e-4d4b-b845-6940fba47c29,ДА-02,10248
50e6936f-9e36-40f7-b6c9-02d04186fab4,ДА-03,10248
1a61ef22-816f-422c-b061-3b0fc77c3269,ДА-71,10248
5ca4eb1b-f33a-42e3-878e-24eec773a96d,ДА-72,10248
413a23ba-0e2e-4716-bd60-9002fb6bd109,ДА-81,10248
b7a89d46-7d08-4b1d-b40d-84ff94ecb96c,ДА-82,10248
8085911b-79f7-4c1b-b912-aef5fb3bc886,ДА-91,10248
c0e0e495-841a-46e8-9b61-3515b3a6958a,ДА-92,10248
5bec7473-bb8b-4827-b0e6-8ba3b7bcce28,ДА-з01мп,10248
6ebccadf-411e-4a35-a16e-1e726d3b845e,ДВ-01,12880
9c00afdf-77f6-4d8f-b821-8195dc89033b,ДВ-01мн,12880
2de3c989-a3be-4c86-8678-1577fec11e75,ДВ-01мп,12880
10a9c2dc-99ca-4c1b-8c29-34e12d5f38e7,ДВ-91,12880
76361554-de2a-46d3-bb9f-44735a1acb45,ДВ-91мн (АМЕС),12880
0832eb39-f709-48fc-a261-08a4f709421f,ДВ-91ф (АМЕС),12880
8ae3328f-f289-4279-8229-f8b9eb979b03,ДВ-п01,12880
65e1da48-2dae-4341-aceb-827a9d339920,ДВ-п91 (АМЕС),12880
d4557a52-6499-4366-9460-9deccecee667,ДГ-01,12880
79561d77-0a3a-49e3-aadd-de88db5f066a,ДГ-01мн,12880
198df74a-b529-40da-8a50-49d550777136,ДГ-01мп,12880
7d1e69d7-6c6b-49f7-ae1e-4a7583543725,ДГ-01ф,12880
3a01bbb1-2d9b-412d-a832-bf9d5aedcd82,ДГ-71,12880
44e13e72-3f24-46b7-9d19-13dd2f1f7263,ДГ-72,12880
89a385d9-a264-4981-aa91-d7e12eb14730,ДГ-81,12880
d6c15799-895f-48ff-8fef-620ec5f11e3e,ДГ-91,12880
5e2ea00b-cc5e-464f-883b-558383b17687,ДГ-91ф,12880
7a426625-cd71-4e37-8484-3cd439c854c7,ДЕ-01,12881
68b3ccff-88ea-43c6-a608-c78ddde78016,ДЕ-01мн,12881
3294179d-7248-4210-b30c-1c1f2162b280,ДЕ-01мп,12881
20235185-2848-45c9-b1fa-8ba74a3250aa,ДЕ-71,12881
c9b132ee-c3a4-4d34-9aeb-b9d982f661ea,ДЕ-81,12881
1a8ed785-6ee6-4094-aae4-adb9bde2d924,ДЕ-91,12881
83d04309-13bf-4f0b-a2c4-bb845305a595,ДЕ-п91,12881
b7e266c0-7920-457e-96b0-2006b03dc899,ДК-01,10150
c512c69c-703d-4db3-a6f1-a993668c2726,ДК-01мн,10150
af2ef4bc-b939-49fe-8d7f-6725e5407bd5,ДК-01мп,10150
0d24c3cd-d6fd-4fd8-9f08-e9983e9dc65b,ДК-01ф,10150
73a7b040-a248-477c-91c0-90b794d00081,ДК-02,10150
7c7dffdd-9190-4860-9a10-3b2a91ca300e,ДК-71,10150
343c136e-2e1a-40ab-b190-599d8f41fec7,ДК-72,10150
83091ce6-db6e-4e3b-8499-d09eca6e1dda,ДК-81 (КЕОА),10150
17ca10e2-d94a-488d-833b-2ce6a0c166a4,ДК-82 (КЕОА),10150
c3b5e1ef-490f-4f53-950b-e7e8a6128cb8,ДК-91,10150
ed80867c-0996-4ae3-9ed9-57da9eaad160,ДК-91ф,10150
4553b19f-369d-441f-be50-759c23518058,ДК-92,10150
06030187-1d3c-4e3e-9a7a-2717c01f9fd7,ДМ-01,12670
6b7c01e8-3cc8-4817-bdc4-c87cd8cfa0ae,ДМ-01мн,12670
d10c7e7d-2707-427a-99e6-8ead0b44febd,ДМ-01мп,12670
9b49b850-a33d-4f95-8443-1834bd1285a8,ДМ-01ф,12670
f3e92479-ad21-450a-a2b6-5b10c611a929,ДМ-02,12670
64dfc88e-3450-4c5e-ae23-8e554822d705,ДМ-71,12670
a1c462ff-b6c7-4c7e-9198-bde774f33646,ДМ-72,12670
dcd60848-1f3a-4ebe-9df9-64bae8868618,ДМ-81,12670
d7ba0143-220f-48cf-94ff-b8bf2ea68d36,ДМ-82,12670
09bb7d79-1b75-4f04-817e-f2d656f86695,ДМ-91,12670
3a97c887-856f-40ee-8ab3-ed212cdb7437,ДМ-91ф,12670
c1d49603-34f8-4d2e-a75c-db3f1dd356be,ДМ-92,12670
95181308-6e1d-4257-a531-1914168e773c,ДП-01,10153
62d3b7e9-471a-44d2-a7d4-b5003a713131,ДП-01мн,10153
02a3f7cc-627e-4510-906f-fa95454d64d2,ДП-01мп,10153
9e86607c-3afd-4489-9124-695484a734e6,ДП-01ф,10153
90a2dfce-d27d-4f64-8fb1-641c6f633872,ДП-02,10153
ca058d38-6ebf-46bb-ae3a-57dd18d59d37,ДП-71,10153
f2cdd9d6-8b8c-4e46-8623-168cd3c7d788,ДП-72,10153
25492a7d-1434-472f-984b-8c43754bede0,ДП-81,10153
297a5b49-46da-4897-a1a3-e3a8da3045bb,ДП-82,10153
1bb48f0a-f671-4386-87b3-c191ae587317,ДП-91,10153
a963471a-2811-4268-9a98-3a51de044479,ДП-91ф,10153
d6157229-6e77-4269-939f-dea9a461c14e,ДП-92,10153
b9a6c46e-ab4b-47c1-bc02-662f9a160b69,ДС-01,12881
e6373bd7-f226-4f75-a7ee-d7e28c77f7d9,ДС-01мн,12881
5703f2b7-463e-4219-a8a3-5807a8d320b2,ДС-01мп,12881
ce18b4e4-b408-430a-b92f-b5fb02eac014,ДС-01ф,12881
49d11665-3b0e-4582-84f5-255b2264323e,ДС-71,12881
3d9212e2-be85-4a5d-891e-8c68116dc63c,ДС-81,12881
a8b4bedc-6238-4c53-b2a5-fa7916367df5,ДС-91,12881
4d393af4-2f3a-4571-9224-8b43bb601c5a,ДС-91ф,12881
4c62561f-679e-4574-a1a4-0ae9f3514d8c,ЕВ-01,10185
e846376b-4bbb-430b-acaf-8798e98f0834,ЕВ-81,10185
ba0c0f9c-39ca-4552-8467-e57d7d6f67be,ЕВ-91,10185
0b2fb0f4-a830-4a94-aceb-a41cb7537658,ЕД-01,10128
714a736e-ad10-4365-9156-9aebea080e9e,ЕД-01мн,10128
e84cad8b-f682-44b8-9383-41049f870ac0,ЕД-01мп,10128
5cf09a22-c7ce-419b-b3d5-806e82dfcfbf,ЕД-71,10128
0da5d0a3-8ca5-4d55-810b-5f5d633dbf7f,ЕД-81,10128
1c48a746-04ff-41f1-86b3-bf84c967d32c,ЕД-91,10128
dc6d2fb1-b185-455e-b5a2-785a1520bb96,ЕК-01,10117
7862e662-1cfd-4ad2-87f7-8fa75be8db5b,ЕК-01мн,10117
883f7a2f-15f2-430e-96e0-c8b2151cc8c6,ЕК-01мп,10117
fd6569ca-c22e-4ecf-83c4-343f8ba9724c,ЕК-71,10117
e3a25c3d-c3ea-4027-9b2e-fec7badf15ef,ЕК-81,10117
d3ff70ab-0f68-4fec-bb4a-b5e1d0eb332a,ЕК-91,10117
51f545b5-7379-4e2d-b420-c42ccc406986,ЕК-п81,10117
4099d1aa-9a5b-483f-b0b4-c9cc8c220345,ЕК-п91,10117
9eb5d4c7-454e-4fd9-8900-b086bf559809,ЕМ-01,10139
eae75463-426f-449c-a5e1-da377095c1ad,ЕМ-01мн,10139
53682ee0-0d9b-4861-98f4-23391d14419c,ЕМ-01мп,10139
243e195c-2958-4b26-a045-31076815754b,ЕМ-71,10139
1674031c-37e2-4b66-8d9a-39dfb18531a2,ЕМ-81,10139
db0d366f-f920-40d0-bdd5-d4ec312c004d,ЕМ-91,10139
d03da98a-66ed-4f22-8d1b-0bd7ef09a762,ЕМ-п01,10139
dcb13111-3982-4752-8f88-eaceb4a82392,ЕМ-п81,10139
f15b8709-34d2-43dc-90d5-a5feabe7a0a0,ЕМ-п91,10139
c6dc4634-d968-4712-8831-c48b72f83f64,ЕП-01,10209
27b1fe87-7668-40bc-8eae-274b49d8777c,ЕП-01мн,10209
376f35e6-df56-4d4f-a78a-adb3106821e1,ЕП-01мп,10209
a1b666ee-ed23-4531-ab49-457ae08caddb,ЕП-02,10209
00ab490b-74bf-4517-9960-2e7ccc6c1353,ЕП-71,10209
1ec0a2c0-2f09-490d-98bb-b21fc466ac46,ЕП-72,10209
012036b7-2a4d-439c-abd9-3269568dfb21,ЕП-81,10209
3a8b837e-abb0-4417-bc42-0d8228435306,ЕП-82,10209
bb0cd871-b054-40d3-831a-e702d8610a6d,ЕП-91,10209
d6f46aeb-1334-47a3-90fc-fb6ebea91aa0,ЕП-92,10209
2d921528-94ef-4dca-b9b3-fb40b21ce342,ЕП-п01,10209
e3df2aa8-a861-44d9-a41a-884fc626468f,ЕП-п81,10209
d595d499-1337-4dc2-bda8-a7a1b71464cc,ЕП-п91,10209
b6ab630b-47e0-45e2-a59b-fe7ae555c254,ЕС-01,10136
a7dd2bb4-ee28-4d38-8225-940f2eabb9da,ЕС-01мн,10136
27ae0d45-05ed-4f9c-b44c-b6279bf5c13a,ЕС-01мп,10136
ad66b446-3e67-49ad-a7fa-98dc6e035a98,ЕС-02,10136
f8000c0a-8986-401c-b81a-192df1b8714b,ЕС-71,10136
eac92dab-b2a3-4fa3-96f3-b247b0e27c01,ЕС-72,10136
ae1d4634-4e46-4daf-8846-7b0c08139830,ЕС-81,10136
299c5860-985b-44e5-af07-3ff0a2b5bfdf,ЕС-82,10136
b225ed22-e851-417e-87ed-c9b2a7773fe7,ЕС-91,10136
f97e6706-5141-4aee-bd97-664573563fe2,ЕС-92,10136
5260a82c-1fc6-4fff-bc64-6beef4811802,ЕС-п01,10136
37ee00f0-fdb5-4cb2-a06b-8d4743fe8107,ЕС-п81,10136
8b745c94-6d14-4a92-841e-99c55e33233d,ЕС-п91,10136
63ff20f1-a239-4072-adc9-78dd42e65ccd,ЕТ-01,10128
7b1df156-3608-4ea6-af4d-30bd9d6a23bd,ЕТ-01мн,10128
ae993122-8523-4785-beb7-0cb7d6aa9458,ЕТ-01мп (ВДЕ),10128
9f9b1eb9-3532-448a-9688-18629403f4e7,ЕТ-71,10128
68ab30ca-4140-4700-876a-31c52e37582a,ЕТ-81,10128
3b1ca4cc-0ab6-43e6-aaca-c53335d673fc,ЕТ-91,10128
50e9fc24-332c-4c7e-bc49-cb8d0afa1a73,ЕТ-п01,10128
886ef81e-39bf-4302-8479-56a828bb108f,ЕТ-п81,10128
93329020-6fbd-4141-9041-002ceb176767,ЕТ-п91,10128
11ca1095-f3de-4d8d-96f8-5e064b36aeba,ЕУ-01,12190
fc59ad7e-9cc2-43f5-844f-7090738a69cc,ЕУ-71,12190
d7043499-c4e4-4f62-9da6-fdf4c7f9ab0f,ЕУ-81,12190
a6db16f4-31b3-4194-a8c7-d43a52ac1ccb,ЕУ-91,12190
80c2fd2b-bdde-4785-b348-2ab6081cc094,ЕУ-91мп (ТПУ),12190
4d246144-3afd-48a0-aea3-c9e526b51d08,ЗА-71,12943
57e553f1-e96d-4cfa-8c65-e800959f6abb,ЗА-81,12943
9fd282b8-6f6b-45c5-8fbf-51b61b47d6fd,ЗВ-01,12940
32533b85-395e-48e3-bd02-da829f42e7a0,ЗВ-01мн,12940
f1f5a6d7-0d58-45ba-bcde-8ae47b66fcbf,ЗВ-01мп,12940
a4e1e0b2-ebca-416b-a8cf-8b6c64954969,ЗВ-71,12940
da3ca2b3-4745-46b6-8d78-4be47fccb4e2,ЗВ-81,12940
8d717e14-e833-4803-b430-03ab7dd9a837,ЗВ-91 (ЗВ),12940
480784a9-999f-4d1d-8d2d-b288d8c76cf1,ЗВ-п01,12940
5c3d67b9-ca7b-4f61-b895-a54d86af4951,ЗВ-п81,12940
e62b09f2-1ffe-4fb6-9a6e-e84fe9d19a4c,ЗВ-п91,12940
6972c57d-c0d9-4f0a-8b95-9f942e55c9d2,ЗП-81,12943
b0e156eb-a1c6-4b82-b9a3-11b579163a96,ЗП-91ф,12943
e1eebe0a-32df-4991-9a3b-b34b88d14332,ЗП-п81,12943
a8bf5ebe-b00e-4dcf-9aa2-ef0b0773f06d,ЗС-01мн,12943
6547008b-c450-42a2-abbf-cf7e9b507793,ЗС-01мп,12943
fee6ae42-e4b4-45ab-afa4-ab435890e33f,ЗС-91,12943
622d42eb-516f-4f69-9471-7de9da528748,КА-81,10242
7a21dde5-06e7-4ae0-ac2c-9c482f85e6f8,КА-83,10242
8c685e57-4e5a-40f8-a345-10fc4cc4f00b,КА-84,10242
c3517841-4c6f-48f5-958d-75cb25026b30,КА-85,10242
9fa200e6-51f5-4b10-a056-f4cdc3488447,КА-86,10242
1334fbf8-128e-432e-8cb1-1878420bdad2,КА-87,10242
2367bc3c-6988-469e-b7ef-a9a75e6f8878,КА-91,10242
5631a9d7-2b65-4f4d-b25a-d6757a13d728,КА-92,10242
3ffa8ecf-0303-463b-873e-01ba721e8a8e,КА-93,10242
e3a6b25e-0384-4176-94fe-bbafc12309c0,КА-94,10242
01ff89b9-9632-4658-a1cd-0619a3ab08ef,КА-95,10242
eb9b3cee-76fc-4fda-8a1b-8413cca82817,КА-96,10242
be13002b-5a84-4202-927d-cde68f83a8af,КА-97,10242
b7f7d73f-85e6-4538-99f6-6986e6bc8e8a,КА-98,10242
63adc552-6ae0-4166-bc04-0d0b3f679cdc,КВ-82,12153
8e9150b0-609c-4e34-8aa3-3c3a565d9dfd,КВ-84,12153
3b15c8a2-0a8b-4e8c-80c7-e09bf4cca9dd,КВ-91,12153
dd1d61db-390a-47e8-a80f-8a2dd9f48b66,КВ-92,12153
be426f2e-eada-4f13-9030-c795f8e74dfa,КВ-93,12153
45d3346a-5baf-48a7-9509-56800970e68f,КВ-94,12153
a2f6ef26-436b-4307-8985-37c8317fb43a,КМ-91,10169
9e2a3d09-6d8f-4665-a65f-68c88c6f9170,КМ-92,10169
6deff7b9-003c-43f9-b62f-36739228e666,КМ-93,10169
4e46fda5-290b-42d4-af19-a9adc7830ef7,КП-91,12134
84311538-7298-4b9e-a402-64d7d064e3f4,КП-92,12134
9ea20be3-7702-4116-a48d-cc558077fdcc,КП-93,12134
5557fe72-bd0f-4173-a634-f018b912c94d,ЛА-01,10189
3fe49a1c-8f8e-4d41-9b56-5b8a69b33403,ЛА-01мн,12883
975969a4-6f70-4f09-9bc5-d90a0f3e04e5,ЛА-01мп (ТПЗА),12883
68d35414-63f0-464a-9a66-f780c32f9b7f,ЛА-01мп (ТППАМ),
328434e0-5e03-4fe0-8c18-7f5bb54ace89,ЛА-01ф (ТПЗА),12883
ceec850a-5786-4cb2-bc08-55d5dbfb3682,ЛА-02,10189
35ed01dd-6ffc-461c-93ba-aeeba230b796,ЛА-02мп,12883
c9f2ffc3-923b-4d14-8a20-7eac955bd056,ЛА-03,12883
b6689e9e-b0a3-416d-a68c-49e73edc369b,ЛА-71 (ТПЗА),12883
ed26f80a-818a-4062-9a8b-0e0bf5eca462,ЛА-71 (ТППАМ),
f49a2852-49cb-447b-ba1f-231946527bc0,ЛА-72 (ТПЗА),12883
4000b110-186b-4236-a4b8-a382cd6bfcde,ЛА-72 (ТППАМ),
18eada8b-a568-4f89-b834-5a59e4c0c3ef,ЛА-73,10189
4282bd94-2b3d-41ca-b9af-672c3cbaa852,ЛА-81 (ТПЗА),12883
02a9de20-d642-43f3-a68a-dbf7d9d606b8,ЛА-81 (ТППАМ),
ff956dc1-5e6f-4921-9089-31807211732c,ЛА-82 (ТПЗА),12883
f86d7d5a-5ac5-4543-adb5-c6ee2d7f529f,ЛА-82 (ТППАМ),
f033ae73-592d-475d-adfe-f41be17148c4,ЛА-83,10189
0ca884c6-1929-4beb-a07f-0efda3843866,ЛА-91 (ТПЗА),12883
754d5e1e-fa50-49d9-b09d-d85383edafa4,ЛА-91 (ТППАМ),
36ee3210-665b-48cf-9189-89048d62ef02,ЛА-91ф (ТПЗА),12883
a73cc5c1-8b8e-485b-8f50-62907752d59d,ЛА-92 (ТПЗА),12883
0fbe0b26-dae9-4e12-8221-26b154112616,ЛА-92 (ТППАМ),
433e4829-d4c2-40eb-ae87-51b3ed5e4f8d,ЛА-93,10189
31dd899c-9d40-463c-940f-9547e5e21301,ЛА-п01 (ТПЗА),12883
5368d791-af31-4339-bcab-c383683ae6f6,ЛА-п01 (ТППАМ),
38fb2e8b-d6a0-4195-9391-1675be90f307,ЛА-п02,
758f1334-9657-4b1d-b4d0-37a47e4928c8,ЛА-п81,12883
0950eba4-d62b-4ec8-8e33-adf9fe6f57fa,ЛА-п91,12883
17652af7-1f36-40f1-97f5-91047ff6e843,ЛЕ-01,10134
e5ad6611-8cda-463d-b2b1-f091d6a63c29,ЛЕ-01мп,10134
c9807707-d2bd-447d-8fa3-92aad30dda53,ЛЕ-01ф,10134
78549d21-25bf-48f5-92b2-02da14864556,ЛЕ-81,10134
4ebbb901-fe8c-4746-9485-3fe8e08d8edb,ЛЕ-91,10134
13a67f72-53ab-456a-86e9-e576624e5a77,ЛЕ-91ф,
57bf54c9-5863-40c4-ba1f-914eaa970aa3,ЛЕ-п01,10134
e68e0352-509d-4e47-8d10-a48f59a0ba3b,ЛН-01,10190
48a270a4-4726-4220-b558-7b661cfc3494,ЛН-01мп (МАХНВ),10157
608a2ac3-0ff3-456a-a8df-7267d57fb54b,ЛН-01мп (ТППНМ),
127deb08-d832-4117-91f1-01abeecc5300,ЛН-01ф,
cbb872af-1815-4575-80d4-b51ba4a1f266,ЛН-71 (МАХНВ),10157
cc6adcab-c1bf-43c7-9987-62f716b9642e,ЛН-71 (ТППНМ),
b0d8374d-3fa0-4b31-b852-f72bd7c9424e,ЛН-81 (МАХНВ),10157
8cf1d3b1-51cf-4107-8af7-6e9a23f4a8f9,ЛН-81 (ТППНМ),
4f284af9-1e18-4920-b30d-c2f077b2158d,ЛН-91 (МАХНВ),10157
ef35ae3c-fa84-43a3-8ea1-40185705a084,ЛН-91 (ТППНМ),
61a3283b-192b-40f5-a001-d2bed0aad814,ЛН-91мн (МАХНВ),10157
1e3413eb-d3ae-404e-bc29-9c1034c2791d,ЛН-91мн (МАХНВ),
17149e67-a03a-4bbb-956f-af7bafc19d68,ЛН-91ф,
43b457ae-600e-447e-94d3-9f1b19c9b309,ЛН-п01 (МАХНВ),10157
2c95ad7e-c751-4a97-b280-d77f549dab6f,ЛН-п01 (ТППНМ),
9a23aefb-b536-418d-a767-b9e2e55f5ad7,ЛН-п91,10157
e5816ad9-273e-4ba8-894a-de6c57d93578,ЛП-01,10206
a4292f40-dc81-4c4d-b700-0c1ead07cde6,ЛП-01мп,10206
28b8119a-9315-481c-9774-d3ea85cb7461,ЛП-02,10206
11e5cbb7-fb59-49f7-8da2-9fe5bcf856c6,ЛП-71,10206
1dbf4355-e565-441c-aa7b-f8f8182a010b,ЛП-72,10206
10eedbc8-1893-4ee6-bf52-53f397aba9b6,ЛП-81,10206
49483f39-776d-4f19-a2f4-9eccd3ac3ae9,ЛП-82,10206
c664b6c7-7f21-40de-a8e8-ac4685396eed,ЛП-91,10206
b7438d22-cf08-44b5-ba4d-e07b2cab6a85,ЛП-92,10206
73b03f6b-94dc-4d99-acb7-193d5aa01f36,ЛП-93,10206
be80a4ff-bf35-4449-9999-b51363616d27,ЛП-п81,10206
aae48521-07db-462f-ae3e-98379345a781,ЛУ-01,10206
a3494305-770e-4bd3-8beb-fee27b7a7fb9,ЛУ-01мн,10206
f270f073-c2e2-4356-a81b-1a033a3b3470,ЛУ-01мп,10206
fe918880-9bfc-4b89-ad06-b6d38ba32165,ЛУ-71,10206
9607df01-3095-4223-9015-296cf29946e9,ЛУ-81,10206
125b5e95-3322-48a4-a57a-0feb9b8ad250,ЛУ-91,10206
fd3db6d0-7e87-407f-94a4-882278ce4181,ЛУ-91ф,
b0e16847-6a84-435c-aecc-1e554fff26be,ЛУ-п01,10206
d7cc1fc9-9a2f-48a9-a6f6-c1384d1a8693,ЛФ-01мп,10191
cd07c9ff-c989-4583-a331-f939d5afc2fc,ЛФ-71,10191
f13b79be-2396-4740-97c4-fac7606aae1a,ЛФ-81,10191
8167838a-35c9-4820-8170-e1d91bedd951,ЛФ-91,10191
bd0a3127-4d12-43d4-bc45-53d4231acf6b,ЛФ-п01,
e0db1e6f-3a7f-4b07-88fe-4724b7d180e8,ЛЦ-01,10134
e950c58e-f882-4ab2-9399-731b5dd5a044,ЛЦ-01мн,10134
aa32105e-10f4-465f-aa6e-c13fc514c1ac,ЛЦ-01мп,10134
8f279c45-60e2-4b33-b3cd-88e3a105a320,ЛЦ-01ф,10134
198fe9a3-9642-4648-a42c-913db4f2d80f,ЛЦ-71,10134
d26872f2-650b-4e61-a166-108eda82d241,ЛЦ-81,10134
3e790352-e9d5-483a-9c02-c9e4af77b59e,ЛЦ-82,10134
0f1e7fe3-874f-4eed-8a70-a8e1071de797,ЛЦ-91,10134
8abc602b-28a2-478f-8a9b-268016f579fb,ЛЦ-91ф,10134
93f410dd-e9c8-46d5-9a3c-fd95355790c4,ЛЦ-п01,10134
ea42a2a2-a6fe-4314-b849-dcd9fed9e551,ЛЦ-п81,10134
ff2aa2b5-fae5-4f03-a6cd-c3c8a1de8a3e,ЛЦ-п91,10134
777ae0c0-4925-40e9-821e-bf2afd96982a,МІ-01,12882
c6b0c022-b8ec-4a06-be38-920c3f75adc4,МІ-01мн,12882
c1eda6f1-069d-4179-b62b-70d6a3db7daf,МІ-01мп,12882
c62b7f0d-07cb-429c-9d35-84ace4acb974,МІ-01ф,12882
bddc400b-bd71-4ef8-9a27-d33d2fad1c3d,МІ-02,12882
48587220-2b2f-4e7c-9bba-bb8c65a869b6,МІ-71,12882
11e547a0-9f17-4641-85d6-8c178f8b575c,МІ-81,12882
bd0a267a-8051-4386-8e44-7b12d26df91f,МІ-91,12882
5f27de5f-d377-4ec7-9150-5968e4de5743,МІ-п01,12882
f6d2f318-c6c7-4d07-9133-e0a0bfb7e295,МА-01,10257
772929e5-4097-4aa1-9766-316047678dd1,МА-01мн,10257
63f71913-f8e4-48a9-a038-ed8d4c0dd8e8,МА-01мп,10257
8f70be3a-f54f-401d-b81e-1b70dd0c16cb,МА-01ф,
4ea36688-a3c4-417f-8b1f-3c8f90ce01ef,МА-02,10257
d5645294-e714-4770-9f31-87b810c01ec0,МА-03,10257
84bd86cf-5cf5-4335-8397-cedf992ef4da,МА-71,10257
177db0a1-f132-4a21-b66f-92aedb2ed7b8,МА-72,10257
90a80f18-4826-4fc6-820f-031d1e74cea6,МА-81,10257
11fdb5a4-92f8-4e47-b685-d3dfb2dbc926,МА-82,10257
3c6e6ce5-7869-45db-9353-125a18b2ad0b,МА-83,10257
23ef3868-6614-4df5-b73b-6e4025541706,МА-91,10257
97612af8-be5d-4376-a7cd-5d41bb23a83f,МА-91ф,10257
3c7f1f13-b2b6-4d58-b86e-e22c4c60fc8f,МА-92,10257
6e35cd31-303f-48cd-80fa-5b41ea5ad40e,МА-93,10257
249e72a6-25f3-42c0-abc7-5655ffcb2537,МВ-01 (),10247
84bc5ac6-eeb3-4c70-af79-1815d1cc86f0,МВ-01 (),12882
0044ee73-1c55-4217-9ab9-9db3eb7a849c,МВ-01мн,12882
ab69e73c-6278-4e43-a916-36f650bf413b,МВ-01мп (КМ),12882
35631e0f-9526-45aa-a7f6-0cac2339512b,МВ-01мп (Р),
b11dbf75-4898-48d4-af27-01c63b143758,МВ-01ф,
ee4a1acc-167a-4d29-9146-ee739a80872a,МВ-02,12882
4c29c0c8-da51-4698-9aaf-67b6f0664ed4,МВ-71 (КМ),12882
7723091a-e4d7-4f49-83d9-5e31b1ba2097,МВ-71 (Р),
b4c76c3f-c0a6-4fb4-b0cd-b75a31653ebe,МВ-81 (КМ),12882
4f8112dd-5924-4fe8-8719-01ea5ab8095b,МВ-81 (Р),
04e9bb3a-aa77-48ce-b8e5-1728248fdc5a,МВ-82,12882
d97fb639-4266-4c6a-b9ab-ab8df971e311,МВ-91 (КМ),12882
5d95f287-efa8-47dc-9c91-e1870406c9ad,МВ-91 (Р),
f6287d7a-dc04-49d4-8fa3-f60a6b0003ec,МВ-91ф,12882
7ff83a8e-fc0f-4f26-b3ac-6a0e7c397deb,МВ-92,12882
a81aedad-34f9-493b-b5b3-d1ab62dc0bce,МВ-п01,12882
daa3b021-f0cf-43e6-80c2-30188b05c4b3,МВ-п81,12882
31c0f8ee-de1d-4d74-9ff0-b9c0060571ba,МВ-п91,12882
b613172c-d1cd-4456-8715-af3fcb391f78,МД-01,12777
888b0b04-8fa4-4d97-8a71-155f4f7aea45,МД-01мн,12777
70033e65-e3a9-4be4-88ee-282511491de4,МД-01мп,12777
3bc88186-6eee-4442-a2d2-75dbe41a4f70,МД-01ф,12777
24cc1b57-645c-43ea-bb0a-9b38d5875a24,МД-71,12777
c71b33b5-bbc0-4f0b-95aa-4fac997bf83a,МД-81,12777
4c185c6d-655d-4da0-9f7e-a4d26b9c7882,МД-91,12777
4d8f5deb-14ac-456c-8077-536d52191b7c,МД-91ф,12777
90c8e83e-c59f-417e-89cd-019e22f9200e,МД-92,12777
a6cce0f2-c3f8-4e03-b2fc-d603daba07b3,МД-п01,12777
2b75f2b6-3d18-4b2e-8cd1-b0ff415efeb4,МД-п81,12777
81f9a84f-dc48-45d3-9e31-182d67e3a69e,МД-п91,12777
9e0f4368-0730-42af-8944-71ca97b1076a,МЛ-71,12944
4995fd4b-7ac5-45b0-8d33-c82016c34bc0,МЛ-81,12944
b838ca0d-7f93-43ba-96e8-22491c289498,МЛ-91,12944
86c75ccf-d641-4b6d-be37-e7f8ed625277,ММ-71,10257
5215df4e-bb14-43a3-a3a7-95d177cb8312,МП-01,10231
928bd21e-f10d-4378-812e-48a1b3423203,МП-01мн,10231
8ede3578-fee1-4845-a2e7-686b7852a52a,МП-01мп,10231
3c02111f-e61b-4b8a-9637-dafa009222a3,МП-02,10231
978f57ca-8a35-4ec3-aa7e-8afb549b9849,МП-02мп,10231
80e05409-847d-4bfa-82d8-74c9192c8a42,МП-71,10231
9c57dee1-5f93-4568-aa15-fa8699c0f46e,МП-72,10231
be98071d-6c6e-44ac-b84d-eee00ed6e5a5,МП-81,10231
93bd1a5f-ea9b-4d27-ba1b-ea5a237d714a,МП-82,10231
840cacbb-0a8e-433b-8ee4-0bf28c22b228,МП-91,10231
c9ffcfab-d09d-4904-9b0a-12cd55b7e43e,МП-91ф,10231
aa2e1aee-ec6b-4f60-afc7-a0125da7c4c9,МП-92,10231
8587317f-ad66-4210-9cd2-500cf36de0cf,МТ-01,10251
7fcfb0c9-6e4c-40b9-8a15-80f44be713a2,МТ-01мн,10251
ca13c1b3-4333-42b5-8a82-c77b7981c5fb,МТ-01мп,10251
bcd52206-c735-4838-8ff4-124057d35295,МТ-01ф,10251
780e0754-696a-4ff0-8168-b68c74f69431,МТ-02,10251
aeb52dfe-2ace-4397-ad89-82df49ddeb00,МТ-71,10251
cb034312-4917-432a-9a98-9e5287347b71,МТ-72,10251
823ef339-029d-4895-997c-54f05d1e6831,МТ-81,10251
8475b48c-41de-4a79-aedf-04d6a22e94aa,МТ-82,10251
6a0e9cb6-ad6d-46b4-960c-e63439acc8dd,МТ-91,10251
fe7e2936-2e33-4006-90a7-68485d38d222,МТ-92,10251
eecf345c-ebe6-4256-8220-29ed8e9cd049,МТ-п01,10251
1165e1f2-8250-4b59-9f75-957d48edd42c,МТ-п91,10251
d0b8f2c9-4f61-4afb-9a64-83bfc9c0ab4a,ОА-01,10227
6e291300-408c-40e6-b01a-93f222b3bef9,ОА-01мн (АУЕК),10227
c13f5911-ed16-4b2b-889b-8930acb5bf74,ОА-01мп (АУЕК),10227
4aafb2cd-a289-4f6c-829e-2de23e1de764,ОА-01ф,10227
a09a89ab-a244-4ea4-85a5-fe62e64fc643,ОА-71,10227
47c64c5b-99ae-4504-9b00-145d35196f91,ОА-81,10227
3dafc264-178b-4842-b775-f9057298e345,ОА-91,10227
04ccae2b-3a38-43a6-a941-f37e325ee3f3,ОА-91мн (АУЕК),10227
1a8538a4-3b97-4405-aca0-7dc7d83fd114,ОА-91ф,10227
b2aea15b-85e0-4d97-8eae-75307f1178f8,ОА-п01,10227
b7159f73-6f4f-497f-956f-00b31891a596,ОА-п81,10227
481761a8-8379-426f-b2bd-b8a1227d2711,ОА-п91,10227
dccf6ce8-f41a-48ef-bf12-eda783f821dd,ОБ-91ф (ГІ),12724
491dd8f4-e242-4577-add0-84bcaad74dee,ОЕ-01мн,10232
167193d3-9a04-4579-a5d7-16984c56d4e8,ОЕ-01мп,10232
6a4925a6-f177-4003-82b0-bc3db1bf7957,ОЕ-01ф,
06a3ce3f-1343-44a4-bcd8-4b1e453d37ad,ОЕ-71,10232
85a472ad-6621-4ada-b109-6ea899541732,ОЕ-81,10232
830bea40-91a3-4536-9cb4-721e18865c95,ОЕ-91,10232
14d92fe1-eab1-47a8-aaa2-08bf9468aba5,ОЕ-91мн (Електропос),10232
6de605ac-ba11-44c2-954a-d039382b95c0,ОЕ-п01,10232
c509f67d-4afe-4399-ad66-14b39f9ee7c7,ОЕ-п81,10232
55f3c044-9048-4bbd-afe7-29bc29965031,ОЕ-п91,10232
5b154d78-f9bf-43d0-97d0-9ae98d06aaa2,ОЗ-71,12724
1b88337a-ae8e-4e04-b182-1ca76f2352b1,ОЗ-81,12724
809c731c-f27b-4106-ae13-2b499afd53c5,ОЗ-91,12724
9732f068-1355-407d-a154-a4aab8789249,ОЗ-91мн (ГІ),12724
314e3a37-858a-4b97-9716-166308e65a62,ОМ-01 (),10154
11141d09-86db-4ac0-a0cc-e70447d960c0,ОМ-01 (),10255
590ff5fb-e411-400b-bc71-cbbf8d44b9fd,ОМ-01мн (ЕМОЕВ),10255
3f44b07d-602d-41fe-a36a-c3ea880c4df4,ОМ-01мн (МАтаТІ),
bb9bf951-aa35-45e0-9f99-92bb538f50f0,ОМ-01мп (ЕМОЕВ),10255
07eec1c6-cb66-4189-a9da-decc4aae077d,ОМ-01мп (МАтаТІ),
101a5b8d-2bc0-4969-a719-b3ba0b45f907,ОМ-01ф (ЕМОЕВ),10255
580faa54-90d0-4ebe-8970-d300f0a9b574,ОМ-01ф (МАтаТІ),
cca20c98-05e8-45b2-ab04-b0cca00b54a7,ОМ-02,10156
81755b85-70d4-432e-9b5b-c1ed82b98359,ОМ-02мп,10156
fc9bc96a-184d-4e8c-9e2f-a3c67866b4ee,ОМ-02ф,10156
236ce865-c00a-4cdc-81a2-40e613819d52,ОМ-71 (ЕМОЕВ),10255
e521f0b3-ad08-43fb-a350-3711dcc70cb4,ОМ-71 (МАтаТІ),
d61e9067-39e0-4362-a1f5-1f899045224a,ОМ-72,10156
720c5a51-4615-45b6-b73c-b0cc6b2fb349,ОМ-81 (ЕМОЕВ),10255
7cb91062-8feb-4d1a-b08d-79edb4da8db7,ОМ-81 (МАтаТІ),
6e72d0ca-25eb-41a9-bab4-e3538a44775a,ОМ-82,10156
76a62c04-317c-477b-8c7a-0f1e8cc95924,ОМ-91 (ЕМОЕВ),10255
9c0fc451-5db4-4f0f-95b9-0fbe878c2876,ОМ-91 (МАтаТІ),
617a1809-fd51-43c7-9a5d-787a60dfe290,ОМ-91мн (ЕМОЕВ),10255
e672936c-c6a2-4f14-a2e5-3f0104efad26,ОМ-91мн (МАтаТІ),
d84af12f-2b7c-4dcf-82a9-088aa1d519e0,ОМ-91ф (ЕМОЕВ),10255
549baeb3-67e1-4501-b2b0-2dfbdb6145c4,ОМ-91ф (МАтаТІ),
d5338002-f276-4550-adb3-93d488b7c0d7,ОМ-92,10156
58da5da6-33a4-4b44-9557-46701f0005ff,ОМ-92ф (МФ),10156
746effe7-f49b-4d63-9d37-a4b99f9e1312,ОМ-п01,10255
21b346a2-1e16-4a39-a6b9-42e91595fe1b,ОМ-п81,10255
4fffdb3a-62b9-44d8-aee4-50e1623651d7,ОМ-п91,10255
7a2d531c-6c0f-4d13-a316-9355c9702356,ОН-01,10232
000e6e47-b54a-4ac7-9ab2-1816c071c575,ОН-01мп,10232
b5e995d1-1cee-49a2-8923-a1099437a4c3,ОН-01ф,
b6a1e004-f28f-4532-b1c0-1aba547fef52,ОН-71,10232
9ca155ac-4efe-4644-8dcb-16df67b1284c,ОН-72,10232
d9355526-75f9-4d09-92a8-5f6d14ce7c8c,ОН-81,10232
784a98db-b78e-41ec-85b8-339869e7a10e,ОН-91,10232
2204baba-e358-4b96-bccf-526ed2e46a82,ОН-з01мп,10232
d8b3dba3-111b-4270-838f-e1ba81bc6c0a,ОН-п01,10232
016a1077-b471-4b88-98ad-77fce2043697,ОН-п81,10232
dd27c098-ed70-463c-a24d-2710f7a292b2,ОН-п91,10232
54bb6718-507e-4d72-bc40-8d9d27543b70,ОС-01,12724
1fcc274c-fa71-4d71-bdb1-14c129cda34e,ОС-01мн (ГІ),
921d3635-4144-4a49-ba37-f4dc671ee8e4,ОС-01мп (ГІ),12724
c1bac532-c182-4118-a74c-72bc66cd7c6e,ОС-01ф,12724
e590f836-e947-49df-91f3-12a847a66b56,ОС-81,12724
b4c58833-4795-495d-a3ef-7d905498bdbf,ОС-91,12724
7ab607cb-f4c7-4864-96f0-0ade10359ea9,ОС-91ф,12724
beb106f3-b7e5-4c2c-8469-aaa2dcb0352a,ОС-з01мп,12724
d84f1d59-1cc5-4b08-b631-561d8e466f3b,ОС-п01,12724
238388ca-342a-4e5b-9c5e-da13d7dc2e4c,ОС-п81,12724
fd413e38-80ec-4478-9faf-f375de2f9d71,ОС-п91,12724
e4ab7edd-c41d-4744-afbb-aa5c54a9ec64,ОТ-01,10254
1596a364-efaa-41f1-80c9-d0872b32813d,ОТ-01мн,10254
507684d5-42b6-435e-8491-5d598b43c658,ОТ-01мп,10254
5d7fa502-d08e-4878-861a-e231b3b28b9e,ОТ-01ф,10254
766e2700-8eb0-47ab-aa48-19d6105d2a5f,ОТ-19ф,
02772b41-c8ff-43a9-b854-77395cd4abc0,ОТ-71,10254
a9f97e30-7e73-466e-b10b-69b8a8dc3b4a,ОТ-81,10254
d057c8ab-7a0e-4b56-a826-1a9f72394e1f,ОТ-91,10254
3d67e2ed-1ce8-4842-a78d-cff8f569a073,ОТ-з01мп,10254
94dfafe4-a32e-4260-9538-5af4838b9133,ОТ-п01,10254
cc823348-5ff9-4c85-b197-a2ac2c122581,ОТ-п91,10254
a9565946-64ab-46b4-b81d-0655fae53272,ОФ-01,10144
89f288a7-132a-42ee-91ae-047beac6c532,ОФ-01мп,10144
efb5e7e6-5b98-46ca-99e1-cb1c3688bddd,ОФ-01ф,10144
eee56898-eabe-458e-ad47-0f756f31750c,ОФ-71,10144
52e19a1d-8e03-4617-8346-f6b13f2e26f6,ОФ-81,10144
b4aba99f-4f5d-41a3-b5c7-52dba195dccb,ОФ-91,10144
28201655-7999-4a7c-b52b-140f05b6cd33,ОФ-91ф,10144
fb5f685b-40cf-43a2-8664-9b562e7d7f7d,ПА-01мп,12904
6ff8d21c-c3f1-47fa-aaf7-0ef605097dfd,ПА-81,12904
e3cecdf4-d9ba-4ad2-a9b3-b1fe7c5c5286,ПА-91,12904
b17df5d5-efd9-4300-9d8f-4bc99487f6a4,ПБ-01,10126
7e52e522-0112-4e1f-bffa-6cfdc6ff9591,ПБ-01мн,10126
4e455fa7-d2e9-4d36-9dc8-cc893968775c,ПБ-01мп,10126
2d8716c5-b3cc-45ed-9637-8e7a372b9318,ПБ-02,10126
7048f506-c6b2-42ac-af87-dbab4f88fa57,ПБ-71,10126
bb1b82e5-456d-4a66-ba16-b1973ff601b8,ПБ-81,10126
b7936fa3-deee-4c4e-96de-7a582bc64a7f,ПБ-82,10126
7de5b615-bf12-4a15-a762-31400788e39a,ПБ-91,10126
5646d871-27ad-4fda-a306-ebabfef57ce0,ПБ-92,10126
278be39a-e70b-4d51-a201-c235efa2d523,ПБ-п01,10126
098158e2-05d9-4930-ab6e-197aeaf21882,ПБ-п81,10126
ee915586-bd6f-4c90-ab27-394f122ebf5e,ПБ-п91,10126
e357c19a-693e-424e-b32f-97f0c8e12918,ПВ-01,12904
ed3277ca-f425-492b-bedc-003ee7fa76fc,ПВ-01мп,12904
36511a7c-79e9-48d5-925b-6dd02901127f,ПВ-81,12904
017661db-7f82-41a3-a52a-e045bbe55369,ПВ-91,12904
95296105-65ce-4715-869c-f25619880582,ПГ-01,10172
16d4a750-724d-4d0a-a55b-ba66e2b7615f,ПГ-01мн,10172
cea0709b-91f7-47b6-93f2-6e7a425dd320,ПГ-01мп,10172
8ff0ce85-1e59-4980-a79c-77498c545281,ПГ-71,10172
669ecfa2-7739-43da-ac0a-b208dfdf602b,ПГ-81,10172
b569ec55-37a7-4b34-9aee-f8ee5c9ada77,ПГ-91,10172
2ffdfc79-d75f-48f6-ae78-5eb166222b2e,ПГ-п01,10172
7a502d21-79a6-414b-a6f3-3ae3465eb39e,ПГ-п81,10172
fb694931-36c2-42c7-990e-8d3e98257472,ПГ-п91,10172
1bfdaca0-b52b-42a5-b59f-dd185f548e2a,ПК-01,10170
ce06020f-85aa-4a1b-bd6a-6207f1a57e22,ПК-01мн,10170
b781154e-5241-4fe9-9209-93f2ffff2e21,ПК-01мп,10170
3af18b51-8b3d-4fb8-842e-f94da27a9dda,ПК-71,10170
225e5da0-ab98-42b1-b5ee-32183388723c,ПК-81,10170
cde27ca7-6d87-4372-96bc-5791ffd95da6,ПК-91,10170
0a46b82f-751c-47b0-8081-751b98ad156e,ПМ-01,10173
575d06bb-a64a-4c08-b5a8-542fceadcbe6,ПМ-01мн,10173
81f90af2-5390-4624-a372-a6d3c534c8d8,ПМ-01мп,10173
6bfec963-23a7-4aa6-a924-0d25d0955a2c,ПМ-71,10173
6146a8d3-0b0d-43c1-a35d-fa3ce19e69ac,ПМ-81,10173
e5a899e4-651b-470a-a79b-472d5511c574,ПМ-91,10173
9880964c-d5c7-4488-98c3-d748f3298358,ПМ-п01,10173
16ab30f8-498f-4311-8e9f-93e9c10e3b70,ПМ-п81,10173
ed0549a0-bb0a-4268-b8c9-03f935ca8231,ПМ-п91,10173
c193666e-0a23-488e-b0fa-c7da17ea121b,ПН-01,12904
85ea3b71-faa5-4311-b126-369b18e4f3a8,ПН-01мп,12904
039326d8-45e4-4bce-a061-efacda17464b,ПН-81,12904
956a2aec-db07-44b8-be6d-de39a9ffa06c,ПН-91,12904
a288e235-bc28-4994-a9fa-937da7d75303,ПН-п01,12904
182ffe47-3d89-4d54-a8ef-0aa980ade99f,ПН-п81,12904
1a471378-fdee-4c36-80a9-fe28845118dc,ПН-п91,12904
b49f58ca-f6c6-4346-82bc-dc186fdb8ac4,ПО-01,10165
feab8dd6-2a02-4d6e-bd97-ca37c0f5a1e1,ПО-01мп,10165
64f15bca-44ca-4ede-a352-5e92d4bb8c18,ПО-71,10165
13ae854a-a247-4bb6-b623-629d187ba795,ПО-81,10165
5dfbd702-89d0-412a-b7a3-bf976f584d25,ПО-91,10165
25646ebe-ff57-458b-ab5e-defbb736b0c7,ПО-п91,10165
cb905108-ad79-4f3d-b4a8-582c62075887,ПС-20ф,
ba0a8e87-657c-4bf6-a0cf-a56fe3113748,ПС-91ф,
cf8b8d8e-15b1-4c9d-89bd-7390ea22255e,ПУ-01мп (ТПУ),12190
86b31477-14f7-4422-8d2e-e7f8bfeee4a0,ПУ-02мп (ТПУ),
acc2cbb8-1c5e-4786-879f-f3eef0e4a6f7,ПУА-01ф,
ce1a97b7-ab18-478c-b596-d93153a72fae,ПУА-91ф,
c9a25fa8-8568-41b9-9e5b-163c98cc745a,РІ-01,10179
99246441-e5b6-42da-86c8-81444bb75546,РІ-01мн,10179
dbe54441-8653-4789-a59b-6eebcbe59a60,РІ-01мп,10179
29b065c2-74c5-4c89-b097-e881c75e4ee6,РІ-01ф,10179
c62e0871-5cd0-4321-a3e6-fc7cea817dc2,РІ-71,10179
68754ac8-3dcd-48fd-9042-6c2856a037ec,РІ-81,10179
9624cb03-7e4d-41e7-abea-2c410bf15934,РІ-91,10179
e56e4d6a-326f-4601-a810-d00bdbb26758,РІ-91ф,10179
034d2e9c-6344-403b-b905-11bbe7acc5ef,РІ-п01,10179
77704af1-9e65-4a14-a4a5-f4512225aba8,РІ-п81,10179
bb16375c-91d5-430a-b9a4-11d3bb6900e4,РІ-п91,10179
76c043c0-dac6-424a-b746-4d74fd3863c2,РА-01,10180
d39632b6-cf82-49a9-ba00-73502ebb8875,РА-01мн,10180
b5070157-007b-49ed-ac8a-1ed9fff1cb69,РА-01мп,10180
a9210f0f-2a03-4310-982b-d54b5c93b68b,РА-01ф,10180
a66cc6af-5f30-44e8-8320-b532d727e944,РА-71,10180
eaba3451-30e9-4a6c-912a-1bc7cc7917f6,РА-81,10180
5fd58703-397c-40c4-95b5-81932d3dcbb9,РА-91,10180
cd9d8c85-fdec-4de1-968d-1ea97f6e09d2,РА-91ф,10180
b32654db-ef30-484a-b781-a10924478367,РА-п01,10180
49e6017f-fe2c-4b35-b986-54c98804885b,РА-п81,10180
d2b272d0-cfcc-4536-a9bd-7c4385b5b924,РА-п91,10180
c99faf3c-44a4-469d-9b23-f90efd538623,РЗ-01,10228
8ecfe796-4706-439d-b5fc-37f24f238b1c,РЗ-01мп,10228
b0dee496-0d63-4850-a602-0b99356f50b2,РЗ-02,10228
3d1f5c74-1ee6-4ba7-8e0c-15cd91fddad7,РЗ-71,10228
c483fa66-e057-42de-9a18-de158e147d73,РЗ-72,10228
a3d9537c-c3d0-44bf-8ce4-dbb914bcf018,РЗ-81,10228
59a85083-065a-4b3c-ad83-9061a50291cb,РЗ-82,10228
9b2e845b-504f-4208-beb4-c5717203faf1,РЗ-91,10228
4afe5500-135a-4f77-9238-ffbf25330d94,РЗ-92,10228
e2b1021e-8bc0-4694-8e93-1e356e835c9c,РЗ-93,10228
6d126165-cb8a-42af-92fd-73da8498662c,РС-01,10184
b747a343-a588-44cc-b50d-823feafba3bd,РС-01мн,10184
3c8d578b-58a1-44bc-b70e-6b0070f2975a,РС-01мп,10184
0773ddbc-993e-4ef3-9950-5ef0c1112257,РС-01ф,10184
15a6d980-98da-48dd-8aea-2d64cf33786b,РС-71,10184
38736529-f3bf-4a7c-9d4d-05fe645a75a4,РС-81,10184
533c733b-62b6-4934-8fd9-7ac2777a1746,РС-91,10184
b7d0c192-100f-4f22-b0e7-00b862fc6368,РС-91ф,10184
22c738b9-18a8-49c2-9d0f-c36e369a3876,РС-п01,10184
b1498856-101c-414a-bdd2-74256d5b63a6,РС-п81,10184
064885cc-8af2-4864-973d-3e65a5de9897,РС-п91,10184
7a38a5df-670a-4a5f-b2fa-0949b24cc4be,РТ-01,10181
b491422d-cdcb-4d0a-9181-f507821f42f2,РТ-01мн,10181
ef321884-3ff7-4ce2-ada8-e8e45f091329,РТ-01мп,10181
612e2b77-4c83-4808-8a7d-541dcd055491,РТ-01ф,10181
59509d62-b1c0-4702-9515-28ce5d5eb9b1,РТ-71,10181
c80825c4-dbfb-4a38-90e6-4edcf76e91f4,РТ-81,10181
cde16149-3002-4b70-8f4c-e7c29d4a328e,РТ-91,10181
60d494bd-a34c-4ba2-b213-1b1b667cbffc,РТ-з01мп,10181
afefbe72-3bf6-4580-a937-ded2af0413a1,РТ-п01,10181
3f1a5c48-1853-485c-99a8-a56281e5a7de,РТ-п81,10181
8b6361b6-a3e0-4a00-9dd6-c772913f055d,СГ-01,10230
defc4cf7-5d07-48f8-b626-7843644d104a,СГ-01мп,10230
fb8b2405-187c-42b1-9e13-58d4d4cbbf50,СГ-02,10230
40e0ede0-2e81-4cac-9293-626385e78c00,СГ-71,10230
0cb4195f-8278-4440-9f8c-54d819f9a92f,СГ-72,10230
6fece7e4-9d9b-4dee-ad0d-3f2315aefc8a,СГ-81,10230
668da03b-5d7a-495c-872a-6923ab157b77,СГ-82,10230
12f47b18-cb24-43a3-9b04-6f7aa7771742,СГ-91,10230
6f43cd4a-5b56-4ad7-99a9-b71c389cebc4,СГ-92,10230
6e474483-78f6-430e-acfc-d1df3a763bc5,СЕ-01,12695
b7c1f51d-a231-4879-b9b4-81fd8afc30c2,СЕ-01мп,12695
b9e1522e-b6e4-487e-9e10-f12194dc2c54,СЕ-71,12695
94ae5937-9a0c-4286-a5b9-04f9e8bc92e9,СЕ-81,12695
0e789873-41e6-40ae-b75f-7bd7fa4c4fec,СЕ-91,12695
2a38f134-3425-4c58-9919-e5c1e3c5ff99,СЛ-01,12217
2b57c789-b705-4e69-8430-a4612e9c2e7f,СЛ-01мп,12217
b3dea566-ea00-4150-b526-f5f4ad6d802d,СЛ-71 (CОЦ),12217
27edcd02-40c0-49e4-a2f7-3a1d3d2e1be6,СЛ-81 (CОЦ),12217
7c795233-862b-41cb-b99e-dfde4b923ae2,СЛ-91,12217
1c2e3ae4-5726-4437-8a7c-675d693aa625,СЛ-91ф,
2fb92ff2-fb25-4402-a4c7-5da247d83f89,СМ-01,10243
d812e712-754b-406b-b317-7f3a5cb1ac14,СМ-71,10243
083563c7-25f5-4540-8806-5d65b170d543,СМ-81,10243
b4e19b9a-4c21-4eb7-9a3d-5b4b35f3fdec,СМ-91,10243
d719d89c-11e0-4a64-8d02-7a622768ac2a,СМ-91ф,10243
5eb02c11-9d2b-41f3-896a-389842cb6727,СМ-п81,10243
351e4ad6-8d4e-4b29-9d89-6664163efa04,СМ-п91,10243
3946ed92-fecf-4975-89ef-0da092859786,СП-01,12192
adb3d362-90ba-4cee-bf11-41ec1b1db0a6,СП-01мп,12193
709f7025-ec2d-473f-ad05-4493347131ac,СП-01ф,12191
9c256bd5-7fd9-45eb-b92b-006d09500fa8,СП-02,12193
6f865c45-fcea-4a31-8d16-80d7d9acab91,СП-02мп,12192
d85b2f47-e3bb-4db7-844a-c5100a820f18,СП-03,12191
1740dcd5-7509-4f09-96ad-1bf2784ec3b7,СП-04,12192
81ca0867-4809-4bd1-9ee1-fc9b6926df65,СП-05,12191
9cdc86aa-f492-417e-bea5-6bff305f8963,СП-71 (ІППІВ),12193
ddf7fed3-c556-4124-8351-19cac7c37e18,СП-72,12192
54ef2790-b830-42e3-82e6-9d51809c1479,СП-73,12192
4e287c2e-fc04-423c-a36e-882ff58afb78,СП-74,12192
8d83f8f2-d3df-4043-8897-599a8df5b483,СП-81 (ІППІВ),12193
ab1c7a82-5122-48d3-9eb6-e30d22583116,СП-82,12192
f3035090-0938-40d7-90af-6e2561366dbf,СП-83,12192
2a926630-b194-452f-b82c-ad6f9d5b9d83,СП-84,12192
fbd270ad-c3c9-474d-9b15-98fa23c0bb63,СП-91 (ПубП),12191
05fa7538-19d6-4d23-ba39-10e513329e08,СП-91ф-1,12191
f18e460b-9847-4bcf-809e-f7c4f1a18c54,СП-91ф-2 (ПубП),12191
534796e5-9e34-4351-996a-923f367d98fd,СП-92,12191
5a6db0db-59e7-4909-952e-bc8ba99b0a06,СП-93 (ПубП),12191
f7364d34-bcff-4b1f-a239-5ea6d2eb5f38,СП-94 (ПубП),12191
4e78f8f4-e9fe-4712-93f8-c047496da96a,СП-95,12191
c5f391a5-5082-4ee9-96be-47d5d4b0b3fc,СП-п81,12192
e9c13664-cabf-43f1-aa4e-fdf9aba665fb,СР-01 (),12069
a20e4d5a-b93e-4983-9a7c-75d06e3563b1,СР-01 (),10228
36f21e14-b6f8-4128-84ab-87ffd08297df,СР-01мп (ВСтаР),
6cb00888-57c8-48b8-bb14-a1f31967ef29,СР-01мп (ФIЛ),
97aebf2d-d8fa-4796-bd73-03e930044356,СР-71 (ВСтаР),
f305a01e-9444-472c-a90e-10d852460723,СР-71 (ФIЛ),
e37ffa9c-ea46-433d-ab7e-6fdf74db44b3,СР-81 (ВСтаР),
53dbd868-726b-4b92-96b6-3212218d9456,СР-81 (ФIЛ),
d43ad682-e18f-479a-9aa6-ec0c9ca4a9c5,СР-91 (ВСтаР),
c7e45153-7111-4652-8d0d-b8d19c028331,СР-91 (ФIЛ),
92245384-7939-45ab-adde-eb8f02f72e95,СТ-01,10252
9dd7319a-fd32-4a19-b103-47b75076d320,СТ-01мп,10252
3d7e3dc2-c830-4637-b1c6-46d8026761e8,СТ-71,10252
dd73d837-65b3-40a0-927c-cec8aa203fe6,СТ-81,10252
11f8eaf0-88cd-4b90-b68c-4134e2679521,СТ-91 (ТПВ),10252
6f0badd6-52de-41b9-a2c2-394b74c935bd,СТ-п01,10252
b6b6ff91-c8d2-4989-9fcf-013e17197497,СТ-п81,10252
6ed1b155-95a6-43c9-b691-912f9bba3f2f,СТ-п91,10252
6f7cd3a2-f611-47db-a46d-f6fd3da7da30,ТІ-01 (),10118
879ba8d2-51f0-4f18-9888-a019c047de90,ТІ-01 (),10238
e043787c-cf77-4062-8fdf-ff49145d951e,ТІ-01мн (ІТМ),10238
50c962b1-9a24-4f92-85e8-ffc0d4059003,ТІ-01мп (ІТМ),10238
0afcf3a3-c136-4e5d-a1c6-29de0325a43a,ТІ-02 (),10238
d9c0b841-19cb-4090-b75c-dfc9ba56bb42,ТІ-02 (),10118
37520b5d-ea5e-4b91-a1ab-94696dc9036e,ТІ-71 (ІТМ),10238
b339706f-9d8b-4c7e-aeba-430c8b8a91d5,ТІ-72 (ІТМ),10238
6ee2f156-72e5-4e1c-b71d-ddb5a4559a4e,ТІ-81 (АПЕПС),10118
bddba71b-f0f0-4f31-acc4-3ec687ae757f,ТІ-81 (ІТМ),10238
d9fcc652-8b70-4c43-aac5-71dba7954a87,ТІ-82 (АПЕПС),10118
7be522d0-0295-42b3-b48f-35220e2fe114,ТІ-82 (ІТМ),
d66bab9f-e209-447f-b5b8-dbe6d5ce9f28,ТІ-91 (АПЕПС),10118
69e8cc35-ad24-4484-9b85-2f64b5ab5416,ТІ-91 (ІТМ),
c274d4aa-a608-4d61-b105-a5afac9e5dcf,ТІ-91мн (ІТМ),10238
30de62c0-3e96-46b8-b5a6-59a5f573b934,ТІ-91ф,10238
d94ab726-6a1a-4db2-9c5d-086a2597bdac,ТІ-92 (АПЕПС),10118
8fe06716-72c9-484f-9189-97315f7bd963,ТІ-92 (ІТМ),10238
6bb743a9-d41d-4cbe-b405-9d6a60d1a330,ТА-01,10119
ec30827d-b4ed-43a7-a468-6a1746742906,ТА-01мн,10119
421c3516-c596-4480-9320-1c7bdd695d40,ТА-01мп,10119
2fb73570-7ab3-459b-b4af-0109c830f3f8,ТА-02,10119
5cdfe759-3158-4613-8a38-01189d711ee8,ТА-03,10119
fb1e2373-cae5-4aa2-b491-da14d2406629,ТА-71,10119
37b9ec03-b2a0-4e37-8a14-fae6d381afb3,ТА-81,10119
53b8925c-86c4-4129-bcc8-aac05a7fddcb,ТА-91,10119
81237a64-4992-4787-bde8-39f803c7ef56,ТА-91ф,10119
89bd1bfb-daf8-47e0-bdf0-f7f7572fa509,ТА-92,10119
5016ab42-1ef1-465b-b43f-4e2cf5711ff6,ТВ-01,10118
4370d017-28e0-4e34-b9d5-d044d87115c8,ТВ-81 (АПЕПС),10118
6ec1f891-e549-445f-ab08-0807417ac69f,ТВ-91 (АПЕПС),10118
7242389d-c87d-49c9-a656-866c7b82c458,ТЗ-01,12147
814f4cb2-c775-42b1-bd14-6af187d57604,ТЗ-01мн,12147
d4043415-457a-42e3-9741-b15d65599744,ТЗ-01мп (АЕСіІТФ),10123
d76cbc68-ee00-49e2-82e5-07b68e75f209,ТЗ-01мп (ТК),12147
26e7972f-aa82-48a9-ac92-0b7191253319,ТЗ-02,12147
5f89c427-c5a4-46bf-9651-e00ee249aa1f,ТЗ-71,12147
b17e4bbf-7aac-474a-b1a7-86c35e924bdc,ТЗ-72,12147
15a41204-b64d-44ce-a9d2-168222cce701,ТЗ-81 (ТК),12147
a036071e-d8a4-4193-9706-f0361dd02b33,ТЗ-82 (ТК),12147
41456904-cf5f-4b63-9694-7b8d40ab6b79,ТЗ-91,12147
e2d6d25a-94fb-4a63-a0ee-1e8b31cd16cb,ТЗ-91ф,12147
82bb8698-d88e-4b6d-a450-6fa28eb42067,ТЗ-92,12147
200a70bc-025a-44ba-9412-3c12c57196da,ТК-01,10123
2c71e1fe-5c25-416c-bd12-95c2ee4a9426,ТК-71,10123
81199d92-fb75-40de-a862-40feeadeebbd,ТК-81,10123
03ac3f19-4996-47b8-a9d4-a34b8cbd29c3,ТК-91,10123
6f50b6af-99ca-4ba6-8b24-e1c064929dd7,ТК-п01 (АЕСіІТФ),10123
9b4dbd71-011b-4f5d-ae66-ad3816534b31,ТК-п81 (АЕСіІТФ),10123
52247e20-2c7b-4ed5-8c8a-0d909d47c12f,ТК-п91,10123
e836571f-8d10-4c18-b3bc-33a21c11a4e0,ТМ-01,10118
9ba3a273-e323-41fb-bb33-ccb1af3ca6ff,ТМ-02,10118
ef08977c-6a2d-486c-b52b-78afcd89bf13,ТМ-71 (ТК),12147
045ee4e3-d714-4ded-8045-0d46de836493,ТМ-81 (АПЕПС),10118
4fc00206-3c9b-4467-a37b-00edb8a128d8,ТМ-81 (ТК),12147
cb08b17a-32c2-424b-800a-c0106e548d8e,ТМ-82,10118
ced8ec0c-1d61-4e50-ac2c-933fa47682d6,ТМ-91 (АПЕПС),10118
ca48754a-0578-4ae5-8911-bc340aed790d,ТМ-92 (АПЕПС),10118
56343a9d-1eac-42a1-a2fe-a5f27145f2a4,ТО-71,10119
df5baef1-c302-4c02-b7d9-26ffb79a164d,ТО-81,10119
c6c53029-019b-43d9-a95d-e55bf71ae404,ТП-01,10188
bad5f633-5644-4b61-b438-049e0409bad1,ТП-71,10188
bde513c6-a27e-4c69-b045-ac266b5a212c,ТП-81,10188
e09ea5fc-d1d8-4ed3-b924-31c0b20e4305,ТП-91,10188
9b769903-9524-4230-bd94-bf28e12d47bc,ТР-01,10118
e0f3b72c-3bb7-4e77-8f1d-5b15f4a6fb2b,ТР-02,10118
308c5d4b-1e67-47d6-b2a9-67e39c7f4a2e,ТР-03,10118
a6ca4e4c-e5d7-4f04-b1c2-366e97ef1c6a,ТР-81 (АПЕПС),10118
e3a06b42-a09e-4dce-bf65-ae2940dcf33c,ТР-82 (АПЕПС),10118
e3ab5afa-a408-439c-84fd-2cd3012abd2c,ТР-91 (АПЕПС),10118
806f7ca6-e67a-4709-a4cd-24bd4cf88f2b,ТР-92 (АПЕПС),10118
ad77648a-62bc-44c0-b956-2ea2994509be,ТР-93 (АПЕПС),10118
0fe9b114-83cc-40f2-9043-ec870d2cdc51,ТС-01 (),10249
a70f4fe5-8bc3-406f-96bb-af1b5c314d2a,ТС-01 (),10192
12f54a90-e902-49d8-b7f5-dd2842d9d6fa,ТС-01мн (ТЕУіАЕС),10192
c837c4a9-b1e0-4394-acd3-77f96b2e1606,ТС-01мн (ТС),
bc219d7c-9002-49ae-b5d6-ada7ce08a52e,ТС-01мп (ТЕУіАЕС),10192
be0ef2c4-2a4d-45b7-b952-11d7ed4565f8,ТС-01мп (ТС),
80d6bf2c-df2d-4392-805f-4eb5a349988d,ТС-71 (ТЕУіАЕС),10192
71d4e1e1-b6d9-4bff-985e-1213e7ff4a2f,ТС-71 (ТС),
56a2d995-c593-47d5-ac9b-267760a7d1dc,ТС-72,10249
071f844f-dacc-4261-bbd3-3f3c7f9689c5,ТС-81 (ТЕУіАЕС),10192
9961e42e-b7f5-4356-9bf4-02727b6d387f,ТС-81 (ТС),
342cdd8f-e35f-48db-acbf-0a1a2951ba0f,ТС-82,10249
b87263c3-23c3-4fba-8e25-b6eb916ca53f,ТС-91 (ТЕУіАЕС),10192
39a6378f-d52e-485b-94b9-0f0336c6ea80,ТС-91 (ТС),
0874dfc0-d9f4-48e4-ba7d-ed76e7a3bc44,ТС-91мн (ТЕУіАЕС),10192
40168532-26ef-4b9e-8b70-6a5915956b5a,ТС-91мн (ТС),
77449fda-f67c-4720-8e29-fb0329cf17d1,ТС-91ф (ТС),10249
6e8b31b2-b762-4b7f-9d2d-4a703cd832e0,ТС-п81 (ТЕУіАЕС),10192
9f510867-1cfb-4eb2-808a-5aeb23319626,ТС-п81 (ТС),
5a95bb4b-1fb7-471a-937b-df1dc34775e6,ТС-п91,10192
e3e7cebb-0c3a-4f5b-b4ad-69d226e48f5b,ТФ-01,10123
dd743b1b-220b-4eb2-9c2a-34a5c75fe9da,ТФ-71,10123
43715887-8ef1-472e-ada7-59f46ad1ccf6,ТФ-81,10123
b55ec3f0-7246-433d-a623-1f64d62622df,ТФ-91,10123
7d14acdc-db3d-4404-8f47-f070232ba786,ТЯ-01,10123
a061155d-5df5-4f78-93f7-2f24b58bc19e,ТЯ-01мн,10123
fa932f97-e37c-4a63-9acf-882628271ca6,ТЯ-01мп,10123
881d3826-ce8c-4995-bd34-ecdc75935ac9,ТЯ-02,10123
ce76f2d8-7b48-41d2-b3ab-f22da9e72808,ТЯ-71,10123
30a5453b-be29-49b8-863d-e55e559bc4f1,ТЯ-72,10123
ef9f7c11-5f85-4bc7-8bcf-f5b4b3789c81,ТЯ-81 (АЕСіІТФ),10123
d888ab5e-72c8-4dae-a35d-c9f9761c0f92,ТЯ-82 (АЕСіІТФ),10123
fd2098fa-f1f3-4de9-8f7b-a5aa47c391ae,ТЯ-91,10123
5e4a1d2e-93c2-4bdd-9fd4-53bfccb18f40,ТЯ-92,10123
10abd63c-fd7d-44eb-9f2e-dddacc448340,УІ-01,10159
408e638e-7885-4062-b144-9d5f029ed3dd,УІ-01мп,10159
a5599f2d-a663-441f-b7a0-5834c0655848,УІ-02,10159
67a5f93d-584e-480a-b4e7-23f53c5428e6,УІ-71,10159
85cb4516-1ddf-4721-b439-74eeb6ce4c7a,УІ-81,10159
f03ac357-2ef5-4400-9fba-f157280080a5,УІ-91,10159
d60b78eb-eef3-490e-a8c2-1a3f3eabad7f,УБ-01,10174
5236c8c5-cc48-4824-a2b5-ea7f9af3fe1d,УБ-81,10174
8bd71e72-9fab-4e43-a45c-084f70f4d6f8,УБ-91,10174
82f000dc-83cf-4d75-953c-1f0c9bf31289,УВ-01,10159
e0dfc5f2-1033-4b8f-89a8-dfa08c910c66,УВ-01мп,10159
7d930fab-1b58-4e27-aebd-7b7569ba230e,УВ-02,10159
bb902d5d-8202-42af-89fc-015410603a51,УВ-71,10159
24db2770-b581-4bfc-9b72-65b2df7d0bf2,УВ-72,10159
17b376ab-2845-45da-bca6-90dd1e3c5e8f,УВ-81,10159
090923ba-764a-47fa-b8cd-33977e60cf4c,УВ-82,10159
8d3bd1ff-4ccb-4e21-8991-4862a0222a28,УВ-91,10159
f07528e1-1bb4-4b95-8eb5-9d505ce72129,УВ-92,10159
a3f0d0fd-d770-4472-98e6-ff324670cf15,УВ-93,10159
c7beb00a-3112-4689-b139-e562c4e27d25,УЕ-01,10135
b466294a-9c70-4e95-938c-389f2b83ebed,УЕ-01мп,10135
0096ec4e-decc-403a-b9f6-38237de259df,УЕ-02 (),10135
a0982f2b-b13b-4ec4-9dba-81cfa80ef4d0,УЕ-71,10135
f39b83a7-9d83-49b5-8c17-791047dc0e26,УЕ-72,10135
7d0389f8-dc33-4a7b-b16b-995e163f7919,УЕ-81,10135
72ca547d-aae6-47b2-baa1-bd2e040678d9,УЕ-91,10135
739aee1c-a325-4bbf-8524-b3b4481dfe07,УЗ-01,10159
f3131dfd-91e7-4863-9760-eea76a283906,УЗ-01мп,10159
3344681e-ae39-44bb-a176-773f4933039e,УЗ-02,10159
cd67d479-6a4d-4e9c-8922-2cb8f6b84976,УЗ-71,10159
ece7ec58-ea9d-4b1d-a77e-2db86e7cf733,УЗ-72,10159
75ec8f29-b774-4a65-ad9b-e9287721ad27,УЗ-81,10159
62515739-f834-46b7-b55d-1723881e790e,УЗ-91,10159
0939d785-9285-4d24-8001-9087872d690d,УЗ-92,10159
7db83d9a-14b8-4909-b1aa-b0f7d1b7300f,УК-01,10155
eb270443-c3b0-4d9b-afcb-612d89a97a43,УК-01мп,10155
1999769f-6313-4833-a8fe-2e1cbe1d3d70,УК-02,10155
40ceb2c6-2219-4c32-89bd-9c97a50ab712,УК-71,10155
b7076d65-e0e8-405c-9cf3-bc8c3d5751e2,УК-81,10155
7271cd39-0de7-4187-8aad-55f0ff1f3ffd,УК-91,10155
d843acd2-4150-4c94-ba69-a6bcb9fbfc66,УЛ-01,10159
98e241b7-6acc-4500-9cb1-04f38c2b63f8,УЛ-01мп,10159
ad0e753f-1191-4ac3-8ead-fe4e378da220,УЛ-02,10159
6aa8c44a-a59a-4037-b62d-1ff9a3cdf7c4,УЛ-71,10159
9ee71b73-b1b3-41f8-9f49-67b500354204,УЛ-81,10159
c028f28d-7318-4e15-9cff-ff386f64537f,УЛ-91,10159
f2934b95-7acd-4361-8494-a9feb2ecb245,УМ-01,10174
8b34c52e-5785-4f02-8a00-b876b16971fa,УМ-01мп,10174
ae14f94f-14ac-42ac-854e-87554c485f8f,УМ-02,10174
a1fc2f8f-4f82-4a6a-a635-d07ac94478b1,УМ-03,10174
1eeaf58e-ec1b-4ee4-86c0-819cf9fc09c9,УМ-71,10174
e6482e99-55fe-4963-8ba1-9c005145c259,УМ-72,10174
c5b01927-9e26-4e23-8c28-e6ac5d761081,УМ-81,10174
ac158a8c-ca54-41d9-867e-0b9dcb27a319,УМ-82,10174
e484d2b9-c959-44f2-9b28-efc7fea01920,УМ-91,10174
aeabdedc-c3b6-4c4b-8511-700a4e40a8f8,УМ-92,10174
7dc0a3d2-cabb-47bd-bda1-ce70cdb22f74,УМ-93,10174
500b6171-6f98-431e-b6ff-cda61917f448,УП-01,10186
54aadde3-c37c-4631-b596-2189808e8ca7,УП-71,10186
5c5c0485-a16a-47a9-8772-e527e14eec81,УП-81,10186
ec82156a-f978-40cb-979c-8eb374fcfd7a,УП-91,10186
91213f5c-d490-41ad-a22e-40dc65735dcd,УС-01,10161
34b9cb87-f097-4192-bea3-6a6bb7b1f0c6,УС-01мп,10161
d7240673-b520-4a99-a601-89d858636a28,УС-02,10161
eb03b487-388f-4569-8104-1143b1d37f8a,УС-71,10161
16fbef72-0115-4dd7-bc13-578b97341476,УС-72,10161
07367363-e67d-4f00-a95c-7174e995995b,УС-81,10161
b0b34a40-746d-4743-9755-5b2e7c12a913,УС-91,10161
94eb36c9-df3d-4e96-9f6c-21f4ceca55b9,ФІ-01,12951
6ffccc15-fb95-4751-b087-4398ce747c3d,ФІ-01ф,
83e08bae-7eee-4a7c-8952-cc720cee2bac,ФІ-02,12951
2bd54cef-6130-406d-a375-ee5ae4b3865c,ФІ-02ф,12876
4445e29c-7102-4975-a4f6-c9129183fdc5,ФІ-03,12876
df6d8577-0da6-48e7-8afa-8858c65d3aab,ФІ-04,12876
98b67cd0-1136-491a-9dcc-a7eacaee5731,ФБ-01,12951
a5091ef1-23d8-48e3-9e3f-2560c89e7e32,ФБ-01ф,
63787012-ece5-4619-9c04-243b2f206e00,ФБ-02,12951
738b2a29-0018-41d9-b997-aa4ec9af095e,ФБ-03,12951
55463c79-d3ed-4fca-ae55-c349580ccee8,ФБ-04,12951
a7fdd3a3-cd7a-4ae8-87ec-36c4467ea613,ФБ-05,12951
833c45f5-e449-4f31-b9d2-788de743c0a1,ФБ-06,12951
54bc8a5d-f4de-4e33-bf99-e3d145f9e31e,ФЕ-01,12875
bbb6e80b-76c2-4d68-b839-b8f4eb748165,ФК-71,12937
51b144dc-e720-4443-8722-d12f152d2f46,ФК-81,12937
04940001-642a-4186-9f67-682df3ff4274,ФК-91ф (ВТМiПМ),12937
ea710f73-3752-45c6-bd7a-df6d07c95710,ФЛ-01,12935
26fbfa1c-9467-4bbe-95fc-43ff673b3428,ФЛ-01мп,12935
1b18cc8b-a787-4558-8258-3b0b6d606fcd,ФЛ-71,12935
b72e2b11-1a2c-4bb0-b9a2-c24a261912c7,ФЛ-71-2,
731b8e41-0cb2-4adb-9cbf-37474db5d463,ФЛ-81,12935
819faf65-739d-4828-9ca8-12a0466a275e,ФЛ-91,12935
beb91625-b07f-43ef-9c90-f2c1b4197b2f,ФЛ-в01ф,12935
f643f1bf-b4c3-439d-a08b-b270647c1af0,ФЛ-п01,12935
dd7ca4c1-4fb8-4d37-93c7-80d7134c53fa,ФЛ-п81,12935
0561a500-1f05-4ce1-932f-01a7dba686eb,ФЛ-п91,12935
2258717d-be9d-4bc4-be17-cda2e36a0b07,ФМ-01,12939
99484e11-1e30-4b4c-99b3-7ae19a8822ef,ФМ-01мп,12939
24435a50-ba10-496a-a38b-41baa3597cdd,ФМ-01ф,12939
9fcdfe0e-d994-4026-86a8-301fcb7e9c21,ФМ-71-1,12939
d9d0520a-d05d-4328-b61d-e7c9d958648d,ФМ-71-2,12936
b3c25ff9-3a4b-4493-b896-f84290173bb2,ФМ-81,12939
0c76ad43-39dc-4faf-a519-bb6718d629b0,ФМ-81-2,12936
b36e0c91-12ca-45e4-9bf2-913013c3aad4,ФМ-91,12939
1b9e0288-9824-46b7-ba63-cb48d06d2e06,ФМ-91ф,12939
84dae7a4-c30d-47ab-a941-86b302b79986,ФМ-п91,12939
a50cc56e-aacc-44e7-bf54-e9023d7fe8ff,ФН-01,12937
06a26707-5cac-407c-a66e-7f31cdbaedbb,ФН-01мн,12937
58e4f476-c2d3-4866-92c2-8eb31ce423ac,ФН-01мп,12937
d020ca02-2fc5-46a5-a07d-06dedd9a28dc,ФН-01ф,12937
1e317d18-3629-4c6b-b0ad-388da36244e3,ФН-71,12937
b46e4111-6200-42a5-814a-e3bc0f5dfe5d,ФН-81,12937
b90fe51e-60a1-4152-aaf0-9fcd77919b76,ФН-91,12937
e6218ecb-1dd2-46ec-ad54-e032a2f99722,ФН-в01ф,
42fe65d8-687b-47c8-af5f-7d7aa18ec100,ФН-п01,12937
020fe57d-3d4d-4f6d-93b8-62b2fd1ab0cb,ФП-01,12944
703307ee-1741-4392-abeb-218e279da63b,ФП-01мн,12944
e1e5c5c6-a18d-491d-b133-16e211a0a069,ФП-01мп,12944
3ad14eb5-b207-468c-a98e-2545578c60ff,ФП-01ф (ВТМiПМ),12937
4b4f57c7-5613-4000-a7ee-98fa1049d6ba,ФП-91ф,12937
219a8324-3977-461b-bcca-e077af3efc7f,ФП-п81,12937
fbb793f4-2f1d-4f66-a76a-b7f117ba011a,ФС-01мп,12938
17de3d99-8ab4-4f1c-afbb-429c9ec8b51b,ФС-01ф (ФХОТМ),12938
5138051f-3806-4ae4-956d-cec579777043,ФС-01ф (ФIЛ),
ba6c6ec7-40de-4f72-aa6f-bf4264a45e6b,ФС-91ф (ФIЛ),
76d13c46-e523-4b4b-b299-375b3f9d58b4,ФТ-01,12936
520b5c17-488d-417f-a1dc-0209be0d44a5,ФТ-01мн,12936
844d2883-a1ef-4dc0-a7e4-df698de0180b,ФТ-01мп,12936
24129fcc-f1bc-42fd-9755-60ba317fb0d7,ФТ-01ф,12936
382fb5fa-c548-426f-9be7-1ec998bc855a,ФТ-91,12936
370f6772-621a-4e68-b000-aa4943f29578,ФФ-01,12872
08a1878e-335c-4ff0-978f-fbe1ee62d7dc,ФФ-01ф,12872
3cebb847-876a-4bb1-ac69-4fa51353412b,ФФ-02ф,12874
426df211-c736-4c48-9c9a-9715441d7db2,ФФ-03 (),12874
b78131d9-34b5-470a-92f2-e792808171c6,ФФ-93,12874
