group_id,teacher_id
00e81bfb-db53-4151-8d65-55d7d5256f3a,7acdbcab-076d-4084-a535-9a0bca4fdcc5
00e81bfb-db53-4151-8d65-55d7d5256f3a,aaf53b41-9f0d-4048-8566-1b5f13eea62b
00e81bfb-db53-4151-8d65-55d7d5256f3a,29ba2fbe-f5ec-4c83-9499-e42162d6f71f
00e81bfb-db53-4151-8d65-55d7d5256f3a,b16ea902-1a58-46b9-b26f-c9bc878a20f7
00e81bfb-db53-4151-8d65-55d7d5256f3a,eb18e02d-0a3a-44d0-be8a-b332abcc0483
00e81bfb-db53-4151-8d65-55d7d5256f3a,
00e81bfb-db53-4151-8d65-55d7d5256f3a,3b8a0009-77eb-4c41-8fd0-e00ac59ebf56
00e81bfb-db53-4151-8d65-55d7d5256f3a,b735ff5b-ff32-49af-9b3b-a428216ad491
00e81bfb-db53-4151-8d65-55d7d5256f3a,529f226a-7231-4948-9b93-a768f3a126c2
00e81bfb-db53-4151-8d65-55d7d5256f3a,892d51f4-5661-411a-a8ba-b865c0e2e714
00e81bfb-db53-4151-8d65-55d7d5256f3a,9e02c95c-8452-475e-943f-43aa83277cbb
00e81bfb-db53-4151-8d65-55d7d5256f3a,c6f33937-75da-4355-a20a-cf874ad6759d
015b7bcf-adaf-427a-b956-6030650f8d16,9eb61e89-0420-4c02-a9df-a7cdeec92cd5
015b7bcf-adaf-427a-b956-6030650f8d16,f72a0f5b-f39c-4737-b1f3-674578fcfc38
015b7bcf-adaf-427a-b956-6030650f8d16,7a104f25-cd36-41c7-9fc0-1a7a9c4efa5d
015b7bcf-adaf-427a-b956-6030650f8d16,56296605-9f72-40dd-90b5-c7e27098ff59
015b7bcf-adaf-427a-b956-6030650f8d16,9deb12fa-6252-4266-a0ee-8a626ad196de
015b7bcf-adaf-427a-b956-6030650f8d16,de87616c-10cc-4f39-a286-1423588bdb07
015b7bcf-adaf-427a-b956-6030650f8d16,030e21a6-4f60-4243-bf67-7c8bbb6697ee
015b7bcf-adaf-427a-b956-6030650f8d16,bcc49b63-869f-48f9-bfdc-c4e7508a10f6
015b7bcf-adaf-427a-b956-6030650f8d16,c18210d4-ac18-4594-b0e0-0470d6041b51
015b7bcf-adaf-427a-b956-6030650f8d16,53f8ebc8-5180-44f7-bcee-196abed22d29
015b7bcf-adaf-427a-b956-6030650f8d16,a6fbfba1-f0e3-44e1-93a2-7a2d1b20f84c
015b7bcf-adaf-427a-b956-6030650f8d16,7c11f623-b8e9-41cc-9718-86be8882a8a6
015b7bcf-adaf-427a-b956-6030650f8d16,c08b3d5c-4117-414c-b28b-5849d3fdabe0
015b7bcf-adaf-427a-b956-6030650f8d16,1dd0dc3a-96af-4e01-8c85-10e4b9b50d65
016c81d1-cd65-4304-bad3-dd430cdf7a43,65f7c99c-3f64-4bd1-b512-ca6dbbef8d61
016c81d1-cd65-4304-bad3-dd430cdf7a43,9ec30994-551d-46ec-bcc3-671aa7adf6b6
016c81d1-cd65-4304-bad3-dd430cdf7a43,b0c114d8-e9bc-41a1-ac4b-b945969ad79e
016c81d1-cd65-4304-bad3-dd430cdf7a43,d54a1db6-1677-44ce-9511-42cf21dea587
016c81d1-cd65-4304-bad3-dd430cdf7a43,76b569ef-cf1b-426f-aa05-a31c3f9b3093
016c81d1-cd65-4304-bad3-dd430cdf7a43,9338dc14-9261-4e35-8f07-24fd2eb393af
016c81d1-cd65-4304-bad3-dd430cdf7a43,081191af-8c81-4ca9-ab5f-3bd4cec5b389
016c81d1-cd65-4304-bad3-dd430cdf7a43,c179b61f-b41e-4391-beaa-6e3e352084f7
016c81d1-cd65-4304-bad3-dd430cdf7a43,885ffae3-d119-4d2a-bce3-33542ce8cbb6
016c81d1-cd65-4304-bad3-dd430cdf7a43,a20899a7-4835-4c28-98b0-f484229fb8ad
016c81d1-cd65-4304-bad3-dd430cdf7a43,64f75b39-3246-4c67-a374-37718809f9cd
016c81d1-cd65-4304-bad3-dd430cdf7a43,d7bf7b57-10bf-435b-9f35-bfbc309e4a05
016c81d1-cd65-4304-bad3-dd430cdf7a43,1c033629-b6ef-4715-bb52-31c8033e5826
016c81d1-cd65-4304-bad3-dd430cdf7a43,916e8cef-3a80-4cc4-8919-915afd569165
018e86ae-1e8d-482a-8458-6b521969e53b,4ede0a15-8503-4f38-96c2-8345ba1c7d21
018e86ae-1e8d-482a-8458-6b521969e53b,b114906e-b9ae-4bfe-b0e4-781edc6f55ef
018e86ae-1e8d-482a-8458-6b521969e53b,5d4e7db7-be83-4acb-a361-0b69fce36c3b
018e86ae-1e8d-482a-8458-6b521969e53b,5a07a0ec-df24-4c53-8f96-7354268b9f81
018e86ae-1e8d-482a-8458-6b521969e53b,f38d5627-acdd-4f1f-ab57-b6c6081e8dd7
018e86ae-1e8d-482a-8458-6b521969e53b,75c18c34-d21a-4a5e-b2b4-edfa9e5ff490
018e86ae-1e8d-482a-8458-6b521969e53b,b63a51c2-6baf-4510-9ac2-6e432a267c5f
018e86ae-1e8d-482a-8458-6b521969e53b,
018e86ae-1e8d-482a-8458-6b521969e53b,2d353307-9edf-4569-9de0-49044b86a377
0291e823-8041-4a25-9df1-f11930c31502,5f466268-4a8a-4162-9ecd-b725cae13118
0291e823-8041-4a25-9df1-f11930c31502,e9faaa5d-bed1-419b-bfab-1c6488a17cf2
0291e823-8041-4a25-9df1-f11930c31502,4875a0d9-10fb-4210-a1e0-f83c060ee3c2
0291e823-8041-4a25-9df1-f11930c31502,7507d508-d0a2-4c01-a858-a063f8d724cc
0291e823-8041-4a25-9df1-f11930c31502,285bd562-5ab0-44f4-ac1f-5b4e19af81a7
0291e823-8041-4a25-9df1-f11930c31502,f9dcc438-66e6-4687-8ac3-c3de4eb00f4b
0291e823-8041-4a25-9df1-f11930c31502,c8577cfc-5587-426c-81f7-232024da155b
0291e823-8041-4a25-9df1-f11930c31502,e5ad55d7-919a-4648-bfcc-0dc8ec999d70
0291e823-8041-4a25-9df1-f11930c31502,a2f8e82d-6580-4374-9bb7-3e314d575060
0291e823-8041-4a25-9df1-f11930c31502,3f816c31-5cc1-4fe8-aa90-63c041d056b8
0291e823-8041-4a25-9df1-f11930c31502,8c838266-75f3-4240-8c46-aaea1dddc946
045b2ab9-47de-40a7-a378-67d49a884a2d,8ecceebe-3af7-4e49-94cd-1d85a64761b8
045b2ab9-47de-40a7-a378-67d49a884a2d,ed1d0b31-c4b8-4202-957c-79d305a26207
045b2ab9-47de-40a7-a378-67d49a884a2d,eb71c386-21e4-4ded-801d-2452e5eb9155
045b2ab9-47de-40a7-a378-67d49a884a2d,4a86bd4b-bf3f-4233-b3c5-760c23bc8067
0471b375-0dc5-46c7-8844-e4cc21c68d90,8c838266-75f3-4240-8c46-aaea1dddc946
0471b375-0dc5-46c7-8844-e4cc21c68d90,887f95e1-1107-4351-b884-43f6d85ff617
0471b375-0dc5-46c7-8844-e4cc21c68d90,c8577cfc-5587-426c-81f7-232024da155b
0471b375-0dc5-46c7-8844-e4cc21c68d90,8610481f-08e4-4e01-a1f8-19f0b9829ceb
0471b375-0dc5-46c7-8844-e4cc21c68d90,cd133ad0-5316-49bf-ab13-6c1503b1fcab
0471b375-0dc5-46c7-8844-e4cc21c68d90,a584161b-8db9-45c9-8600-c6ae3ddbfaa0
0471b375-0dc5-46c7-8844-e4cc21c68d90,b8bea4e7-ed1c-411b-b6a9-7f497a9cee72
0471b375-0dc5-46c7-8844-e4cc21c68d90,927564af-5226-4f9f-af68-7f2fc7f07979
0471b375-0dc5-46c7-8844-e4cc21c68d90,0cda7227-5074-4da4-8aec-0e2c54ea25f5
0471b375-0dc5-46c7-8844-e4cc21c68d90,c26d8800-4b42-4ade-9811-a03bc4ad6cb7
0471b375-0dc5-46c7-8844-e4cc21c68d90,79a85d4a-4540-466f-aa88-35a3ef5d953c
0471b375-0dc5-46c7-8844-e4cc21c68d90,a9cb335f-7891-4c6a-ab14-b2952757a0c8
0471b375-0dc5-46c7-8844-e4cc21c68d90,05251572-bbd4-48c3-9a08-f8e2d8032b19
0495d4e1-9fc4-4f02-aaec-3491f1c631e9,1dd0dc3a-96af-4e01-8c85-10e4b9b50d65
0495d4e1-9fc4-4f02-aaec-3491f1c631e9,
0495d4e1-9fc4-4f02-aaec-3491f1c631e9,f72a0f5b-f39c-4737-b1f3-674578fcfc38
070f52bb-91b2-4cae-8cbe-788c7cb585c0,2023fb57-176a-4cb2-ba5c-d73714723f3b
070f52bb-91b2-4cae-8cbe-788c7cb585c0,32130a7c-6712-46fa-9dc5-305ecf5372ed
070f52bb-91b2-4cae-8cbe-788c7cb585c0,d3e6135e-1054-4d8b-af78-b5c24f036a8f
070f52bb-91b2-4cae-8cbe-788c7cb585c0,f50baf48-8c36-4257-9775-dabed645126c
070f52bb-91b2-4cae-8cbe-788c7cb585c0,ed1d0b31-c4b8-4202-957c-79d305a26207
070f52bb-91b2-4cae-8cbe-788c7cb585c0,
070f52bb-91b2-4cae-8cbe-788c7cb585c0,8ecceebe-3af7-4e49-94cd-1d85a64761b8
07fab3bf-814f-4b12-a650-65a41aa36231,0633c799-3421-4874-8881-db317a4a136e
07fab3bf-814f-4b12-a650-65a41aa36231,
07fab3bf-814f-4b12-a650-65a41aa36231,2d7de30b-de7d-44a5-bb05-6ed91dca44c3
07fab3bf-814f-4b12-a650-65a41aa36231,e8ecada7-7d32-4e46-a0eb-58885e4cb407
07fab3bf-814f-4b12-a650-65a41aa36231,6359933e-9acd-453a-a32b-8bbcce1b19c3
07fab3bf-814f-4b12-a650-65a41aa36231,ee219db3-d24e-458e-b652-7e9db38eb3b1
07fab3bf-814f-4b12-a650-65a41aa36231,c5aec84f-cb39-4cd7-8353-c133c0ab365d
07fab3bf-814f-4b12-a650-65a41aa36231,9bd30d0a-cba5-435f-912d-d58318aec41c
07fab3bf-814f-4b12-a650-65a41aa36231,f5068a0b-d24b-464f-9c9d-0aea4e0d5412
07fab3bf-814f-4b12-a650-65a41aa36231,07bf9818-1e82-4920-b172-a153ed7746b1
07fab3bf-814f-4b12-a650-65a41aa36231,3b8a0009-77eb-4c41-8fd0-e00ac59ebf56
08d81226-3bc2-4463-a2d2-63d757278192,9a0807d9-19a0-478d-89f7-6e7c304070a0
08d81226-3bc2-4463-a2d2-63d757278192,9f96b638-7920-4745-ab73-311cfa09b971
08d81226-3bc2-4463-a2d2-63d757278192,aaf53b41-9f0d-4048-8566-1b5f13eea62b
0a3740cb-31c9-4bc4-97b5-638e3e9b5fd1,9a0807d9-19a0-478d-89f7-6e7c304070a0
0a3740cb-31c9-4bc4-97b5-638e3e9b5fd1,e3d09349-5197-4838-a843-37c04381f32b
0a3740cb-31c9-4bc4-97b5-638e3e9b5fd1,9f96b638-7920-4745-ab73-311cfa09b971
0df26725-387d-4b95-8dd5-88b88cf2cf3c,
0df26725-387d-4b95-8dd5-88b88cf2cf3c,54003bc9-0d58-4aa3-9726-88cfdf4525b5
0df26725-387d-4b95-8dd5-88b88cf2cf3c,5fc505ac-60ab-4f5a-942c-f4a50f482db8
0df26725-387d-4b95-8dd5-88b88cf2cf3c,d496cba2-7970-423c-8d48-6f7c4516ee1a
0f79bc0d-4970-45af-be97-757d89ed0ada,
125aac87-d3c4-49d4-b080-6bea3c976a97,5790617b-79ee-4ce8-80c6-600da786aee6
125aac87-d3c4-49d4-b080-6bea3c976a97,c6409c9f-62fe-45f0-a8f2-ba8897e7b0b8
125aac87-d3c4-49d4-b080-6bea3c976a97,c3253a01-be43-49ac-888e-ea8e1b4e4feb
125aac87-d3c4-49d4-b080-6bea3c976a97,a4962d57-c054-4907-a83b-3ee6214812d1
125aac87-d3c4-49d4-b080-6bea3c976a97,ce6b7383-eb1c-4f1f-861e-9ce81933e8a6
125aac87-d3c4-49d4-b080-6bea3c976a97,3c0ad734-b5e3-4988-8e83-47b5d3def441
125aac87-d3c4-49d4-b080-6bea3c976a97,47f4b835-ed1c-4505-8a55-641f2ecfc0b6
125aac87-d3c4-49d4-b080-6bea3c976a97,e5fcee39-3f2b-4adf-8d05-dbe6ca153c5e
125aac87-d3c4-49d4-b080-6bea3c976a97,c4f403a6-7d33-4b01-8951-40a6934d1d18
125aac87-d3c4-49d4-b080-6bea3c976a97,3563a40a-9515-45c3-9ab9-3651353768f4
125aac87-d3c4-49d4-b080-6bea3c976a97,bea1ddbf-cf0f-4fb6-8607-a41683207b3f
127538d7-f4ac-4be6-ab52-287f533b8c9c,07480d3e-0d28-4f81-9fb0-9cf8fc24e3ae
127538d7-f4ac-4be6-ab52-287f533b8c9c,7dd6a2f2-492b-4b34-b683-80cd3d570473
127538d7-f4ac-4be6-ab52-287f533b8c9c,6d893635-a1d9-46f4-97ec-7049f4e6d66e
127538d7-f4ac-4be6-ab52-287f533b8c9c,a0c27e81-86a5-49b4-a8fe-8ea5d69a3269
127538d7-f4ac-4be6-ab52-287f533b8c9c,d4df3645-03dc-42a2-b1d4-f7ff283823e9
127538d7-f4ac-4be6-ab52-287f533b8c9c,8ba9d2c1-80d0-417e-8ef4-ba40f2f3da0e
127538d7-f4ac-4be6-ab52-287f533b8c9c,6655388e-822a-46f6-bdab-aecc483b96fd
127538d7-f4ac-4be6-ab52-287f533b8c9c,38ab1f31-c319-4da4-822b-7b1f560a6b10
127538d7-f4ac-4be6-ab52-287f533b8c9c,c0c0e583-d328-4ca6-abe6-aa9cede5539a
127538d7-f4ac-4be6-ab52-287f533b8c9c,b33f60f9-28a5-47db-8353-3cf6868ec096
127538d7-f4ac-4be6-ab52-287f533b8c9c,12b2766a-63e3-4e38-9faa-d3a158f224b1
127538d7-f4ac-4be6-ab52-287f533b8c9c,9c70714f-04c3-4b16-bcc8-8768649058c9
127538d7-f4ac-4be6-ab52-287f533b8c9c,7434a043-5faf-4761-8eb7-ac3bf2d1982c
127538d7-f4ac-4be6-ab52-287f533b8c9c,c8577cfc-5587-426c-81f7-232024da155b
127538d7-f4ac-4be6-ab52-287f533b8c9c,3b8a0009-77eb-4c41-8fd0-e00ac59ebf56
127538d7-f4ac-4be6-ab52-287f533b8c9c,e7dcb933-3b60-4568-81a7-9d52e4902434
130456ba-f982-45aa-9ae2-10336ce8e329,02f4684a-f8fc-46ac-bc9f-7481efd24b5b
130456ba-f982-45aa-9ae2-10336ce8e329,9362844a-81e3-4d9f-b598-4e6d05719792
130456ba-f982-45aa-9ae2-10336ce8e329,35b5e46c-4e94-47ba-965d-3b80dfb67057
130456ba-f982-45aa-9ae2-10336ce8e329,b63a51c2-6baf-4510-9ac2-6e432a267c5f
130456ba-f982-45aa-9ae2-10336ce8e329,5a07a0ec-df24-4c53-8f96-7354268b9f81
13b1cbaf-c8b3-4c52-b515-aa41e498ae1e,f2a04237-85d3-43b8-920a-5cd343114e38
13b1cbaf-c8b3-4c52-b515-aa41e498ae1e,b3bdbf5f-90c6-4e12-a3be-8a9000b8e95e
18d08b05-a15c-46ca-bae0-de49dfbeac6d,6b8f57eb-93ae-44f0-bf04-57e7ad45649b
18d08b05-a15c-46ca-bae0-de49dfbeac6d,
192f5d2d-63ab-4c67-9489-bc0a9d6fade7,e773ab64-a6df-49d5-a95e-4f351ee9f45f
192f5d2d-63ab-4c67-9489-bc0a9d6fade7,677a4957-fa65-4f9f-aee5-84e0aa100f0f
19ac4443-71cc-4986-9729-e41d5e0dcef0,5790617b-79ee-4ce8-80c6-600da786aee6
19ac4443-71cc-4986-9729-e41d5e0dcef0,c6409c9f-62fe-45f0-a8f2-ba8897e7b0b8
19ac4443-71cc-4986-9729-e41d5e0dcef0,c3253a01-be43-49ac-888e-ea8e1b4e4feb
19ac4443-71cc-4986-9729-e41d5e0dcef0,a4962d57-c054-4907-a83b-3ee6214812d1
19ac4443-71cc-4986-9729-e41d5e0dcef0,ce6b7383-eb1c-4f1f-861e-9ce81933e8a6
19ac4443-71cc-4986-9729-e41d5e0dcef0,3c0ad734-b5e3-4988-8e83-47b5d3def441
19ac4443-71cc-4986-9729-e41d5e0dcef0,47f4b835-ed1c-4505-8a55-641f2ecfc0b6
19ac4443-71cc-4986-9729-e41d5e0dcef0,e5fcee39-3f2b-4adf-8d05-dbe6ca153c5e
19ac4443-71cc-4986-9729-e41d5e0dcef0,c4f403a6-7d33-4b01-8951-40a6934d1d18
19ac4443-71cc-4986-9729-e41d5e0dcef0,3563a40a-9515-45c3-9ab9-3651353768f4
19ac4443-71cc-4986-9729-e41d5e0dcef0,bea1ddbf-cf0f-4fb6-8607-a41683207b3f
1ad6dc81-2508-4565-afa9-383a78a76c06,9a0807d9-19a0-478d-89f7-6e7c304070a0
1ad6dc81-2508-4565-afa9-383a78a76c06,aaf53b41-9f0d-4048-8566-1b5f13eea62b
1ad6dc81-2508-4565-afa9-383a78a76c06,9f96b638-7920-4745-ab73-311cfa09b971
1afed3db-4607-4c45-b610-54034b1e9d40,9a0807d9-19a0-478d-89f7-6e7c304070a0
1afed3db-4607-4c45-b610-54034b1e9d40,aaf53b41-9f0d-4048-8566-1b5f13eea62b
1afed3db-4607-4c45-b610-54034b1e9d40,9f96b638-7920-4745-ab73-311cfa09b971
1b2201de-5668-41d6-9d33-bf9d8b67f2a2,76b569ef-cf1b-426f-aa05-a31c3f9b3093
1b2201de-5668-41d6-9d33-bf9d8b67f2a2,a7477b74-9335-412d-b238-592699344381
1b2201de-5668-41d6-9d33-bf9d8b67f2a2,22907238-e79a-4487-b967-e98444a4d2d3
1b2201de-5668-41d6-9d33-bf9d8b67f2a2,9338dc14-9261-4e35-8f07-24fd2eb393af
1b2201de-5668-41d6-9d33-bf9d8b67f2a2,1c033629-b6ef-4715-bb52-31c8033e5826
1e864987-7412-4cb8-b180-430e2af47ed7,4d880c3e-e191-4e18-8bb7-b67d7c8e0fc1
1e864987-7412-4cb8-b180-430e2af47ed7,9afaf510-b9d1-4df7-b357-076981f7bdb8
1e864987-7412-4cb8-b180-430e2af47ed7,b450da33-7e3c-49f4-b0be-5c27cb106e41
1e864987-7412-4cb8-b180-430e2af47ed7,acb1bba5-52c8-4f59-af93-a3625c7406a4
1e864987-7412-4cb8-b180-430e2af47ed7,11efca2c-5e24-4c00-b602-2fd5703d82c0
1e864987-7412-4cb8-b180-430e2af47ed7,9a0807d9-19a0-478d-89f7-6e7c304070a0
1e864987-7412-4cb8-b180-430e2af47ed7,aaf53b41-9f0d-4048-8566-1b5f13eea62b
1e864987-7412-4cb8-b180-430e2af47ed7,9f96b638-7920-4745-ab73-311cfa09b971
1e864987-7412-4cb8-b180-430e2af47ed7,
1e864987-7412-4cb8-b180-430e2af47ed7,e7a77426-357c-4160-a701-e11df84046f7
24835cc3-405c-4c93-baa7-cf44985c8269,5364df42-ccc8-49b2-ab79-f45071e00e47
24835cc3-405c-4c93-baa7-cf44985c8269,5121774e-3a50-48ff-bb28-d0e8f995d769
24835cc3-405c-4c93-baa7-cf44985c8269,105b2770-31b6-478b-90ea-b7ec3890ea01
24835cc3-405c-4c93-baa7-cf44985c8269,56296605-9f72-40dd-90b5-c7e27098ff59
24835cc3-405c-4c93-baa7-cf44985c8269,78221052-807c-454f-96dd-c89c925016e5
24835cc3-405c-4c93-baa7-cf44985c8269,e7a4ec98-a7aa-49c9-95f6-d21d9a36d443
24835cc3-405c-4c93-baa7-cf44985c8269,71951a57-ea1c-4f8c-91ef-372dabba3a77
24835cc3-405c-4c93-baa7-cf44985c8269,78cb1d0d-41d8-4193-af9d-7480e03c3377
24835cc3-405c-4c93-baa7-cf44985c8269,56f1738f-0bda-4656-b035-b6cc949f9a0e
24835cc3-405c-4c93-baa7-cf44985c8269,d1032102-6979-4973-b407-0d369239acb4
24835cc3-405c-4c93-baa7-cf44985c8269,2dd2037a-6121-4065-9be1-4e6624151485
24835cc3-405c-4c93-baa7-cf44985c8269,268fe878-51ee-4d9a-ad05-086f96daf7cb
24835cc3-405c-4c93-baa7-cf44985c8269,030e21a6-4f60-4243-bf67-7c8bbb6697ee
24835cc3-405c-4c93-baa7-cf44985c8269,2f181b39-512d-45cb-ac77-4fd96034f54b
24835cc3-405c-4c93-baa7-cf44985c8269,8cdbc9f2-8b5e-44de-8129-d41dc2cce5bf
24835cc3-405c-4c93-baa7-cf44985c8269,ee1166db-f0e7-406a-bc98-ac8d1c4f097b
24835cc3-405c-4c93-baa7-cf44985c8269,c0ecbced-2424-4a47-9c6e-6f0ac4d2daa3
24bc543e-0f27-48d3-9e45-fcd81a2f1e37,4508b511-238c-42df-850d-9a7b8281cc87
24bc543e-0f27-48d3-9e45-fcd81a2f1e37,f70cbffd-323f-4829-bf31-309fc09467c8
24bc543e-0f27-48d3-9e45-fcd81a2f1e37,b450da33-7e3c-49f4-b0be-5c27cb106e41
24bc543e-0f27-48d3-9e45-fcd81a2f1e37,4d880c3e-e191-4e18-8bb7-b67d7c8e0fc1
29088519-152c-415c-9295-fe21e30c8e09,
29088519-152c-415c-9295-fe21e30c8e09,c925d8e5-96b0-41ea-aaca-898579765311
29088519-152c-415c-9295-fe21e30c8e09,cdbe78ed-28ab-4c7b-baf6-c1817a4f9aad
29088519-152c-415c-9295-fe21e30c8e09,1ed56b62-d214-4472-b5ae-fd23d91a69e9
29088519-152c-415c-9295-fe21e30c8e09,8f424000-8dc7-4cc8-98ff-76213d639b4c
29088519-152c-415c-9295-fe21e30c8e09,304f3d5f-9b16-45f3-803f-c6386208713f
29088519-152c-415c-9295-fe21e30c8e09,0a009922-7a89-4837-b3b2-4bc2c4699e88
29088519-152c-415c-9295-fe21e30c8e09,2fb3f595-f90b-4edf-a0eb-00fb955bc3e0
29088519-152c-415c-9295-fe21e30c8e09,f24950e0-3e1c-4a47-87bf-0722e72bbcac
29088519-152c-415c-9295-fe21e30c8e09,0a6e3048-0627-406d-a382-6db5a03cb727
29088519-152c-415c-9295-fe21e30c8e09,b82732a8-89c5-4c78-8166-5bf28e5e6bbf
29088519-152c-415c-9295-fe21e30c8e09,20e01179-2baa-4019-83af-cfda884dd0d4
29601533-c248-427b-85a5-57230af7e497,750f29ad-c951-471d-824a-e73a0d27b67f
29601533-c248-427b-85a5-57230af7e497,cb70a843-0f02-40f4-a59f-56a7dd0c4129
29601533-c248-427b-85a5-57230af7e497,859c6bc9-e545-40cc-9d34-ba30c00a5d9b
29601533-c248-427b-85a5-57230af7e497,c18210d4-ac18-4594-b0e0-0470d6041b51
29601533-c248-427b-85a5-57230af7e497,e4511bf2-49eb-43d9-9a7a-3a4ccc1766f6
29601533-c248-427b-85a5-57230af7e497,19998143-a236-4a7b-b461-ef361639134f
29601533-c248-427b-85a5-57230af7e497,c08b3d5c-4117-414c-b28b-5849d3fdabe0
29601533-c248-427b-85a5-57230af7e497,3be8319c-a489-4fc3-9e47-6ae1c308da87
29601533-c248-427b-85a5-57230af7e497,6228a8d1-f1cc-467e-ae77-31915c5c20ff
2b38981f-8469-4fbd-80b0-053142e25063,885ffae3-d119-4d2a-bce3-33542ce8cbb6
2b38981f-8469-4fbd-80b0-053142e25063,d03be23f-c1d3-469c-8fa5-10a99ed1aa74
2b38981f-8469-4fbd-80b0-053142e25063,76b569ef-cf1b-426f-aa05-a31c3f9b3093
2b38981f-8469-4fbd-80b0-053142e25063,d09a00bc-6f27-428a-8393-a778cc2fef92
2b38981f-8469-4fbd-80b0-053142e25063,a7477b74-9335-412d-b238-592699344381
2bd0eb82-7a43-4c59-9584-4b24b3f2ffed,4d880c3e-e191-4e18-8bb7-b67d7c8e0fc1
2bd0eb82-7a43-4c59-9584-4b24b3f2ffed,9afaf510-b9d1-4df7-b357-076981f7bdb8
2bd0eb82-7a43-4c59-9584-4b24b3f2ffed,b450da33-7e3c-49f4-b0be-5c27cb106e41
2bd0eb82-7a43-4c59-9584-4b24b3f2ffed,acb1bba5-52c8-4f59-af93-a3625c7406a4
2bd0eb82-7a43-4c59-9584-4b24b3f2ffed,11efca2c-5e24-4c00-b602-2fd5703d82c0
2bd0eb82-7a43-4c59-9584-4b24b3f2ffed,9a0807d9-19a0-478d-89f7-6e7c304070a0
2bd0eb82-7a43-4c59-9584-4b24b3f2ffed,aaf53b41-9f0d-4048-8566-1b5f13eea62b
2bd0eb82-7a43-4c59-9584-4b24b3f2ffed,9f96b638-7920-4745-ab73-311cfa09b971
2bd0eb82-7a43-4c59-9584-4b24b3f2ffed,
2bd0eb82-7a43-4c59-9584-4b24b3f2ffed,e7a77426-357c-4160-a701-e11df84046f7
2e0edcd9-2296-4c6e-8d5d-492c70c31622,14ebe8ac-facd-4cc2-b075-52a654612ba6
2e0edcd9-2296-4c6e-8d5d-492c70c31622,38ab1f31-c319-4da4-822b-7b1f560a6b10
2e0edcd9-2296-4c6e-8d5d-492c70c31622,6804eee4-9c59-4c1d-9909-676cbb760f3c
2e0edcd9-2296-4c6e-8d5d-492c70c31622,f796462f-10ad-4193-82e2-1dac503dc465
2e0edcd9-2296-4c6e-8d5d-492c70c31622,7c87f7c8-4247-4264-913c-42f1bae45245
2e0edcd9-2296-4c6e-8d5d-492c70c31622,2e9f2c75-20e4-47a8-ae34-6d5dd79ac8cb
2e0edcd9-2296-4c6e-8d5d-492c70c31622,611968f1-3dd0-4182-b864-f69d949fd801
2e0edcd9-2296-4c6e-8d5d-492c70c31622,fed00600-17f8-4a2f-b5f2-69703b9dca9d
2e0edcd9-2296-4c6e-8d5d-492c70c31622,c8577cfc-5587-426c-81f7-232024da155b
2e0edcd9-2296-4c6e-8d5d-492c70c31622,a2f8e82d-6580-4374-9bb7-3e314d575060
2e0edcd9-2296-4c6e-8d5d-492c70c31622,f1ad598f-3968-4de6-98a7-cfced073066c
2ec4c0b6-17c5-4c09-acb6-be50c7b9f5dd,797e8e61-0eb6-4b4f-993c-0f0ff829a07f
2f04a930-f3ff-4c0e-b383-5f3920fdbb78,b97d332c-6b06-4295-8035-e1af1aaf3595
2f04a930-f3ff-4c0e-b383-5f3920fdbb78,3a83a304-e5f1-4eb7-a55f-25f07ee217c0
2f04a930-f3ff-4c0e-b383-5f3920fdbb78,3125cae9-b17e-45ad-9d58-e1ec67b51895
2f04a930-f3ff-4c0e-b383-5f3920fdbb78,e773ab64-a6df-49d5-a95e-4f351ee9f45f
2f04a930-f3ff-4c0e-b383-5f3920fdbb78,
2f2650d0-7b01-4317-ab3a-acdc532ba654,2fb3f595-f90b-4edf-a0eb-00fb955bc3e0
2f2650d0-7b01-4317-ab3a-acdc532ba654,eef975c7-5b65-4bfe-8a4a-436a2a2ba48c
2f2650d0-7b01-4317-ab3a-acdc532ba654,fa8a5171-698c-4634-ac3d-3e10d8601dc8
2f2650d0-7b01-4317-ab3a-acdc532ba654,07531271-22ce-4668-8976-fc84565a3940
2f2650d0-7b01-4317-ab3a-acdc532ba654,1ed56b62-d214-4472-b5ae-fd23d91a69e9
2f2650d0-7b01-4317-ab3a-acdc532ba654,b82732a8-89c5-4c78-8166-5bf28e5e6bbf
2f2650d0-7b01-4317-ab3a-acdc532ba654,304f3d5f-9b16-45f3-803f-c6386208713f
2f2650d0-7b01-4317-ab3a-acdc532ba654,3496fe62-7cd1-4744-9ec6-1c4ec18df209
2f2650d0-7b01-4317-ab3a-acdc532ba654,86ab065b-6c9e-4312-b1c8-087ba799f16e
2f2650d0-7b01-4317-ab3a-acdc532ba654,5bdc66e4-4cf3-4fec-adff-dd1ff0266047
2f2650d0-7b01-4317-ab3a-acdc532ba654,993b2bb7-baad-4c26-ae8c-c934615cdf85
2f2650d0-7b01-4317-ab3a-acdc532ba654,da7b51f7-c455-40cf-8e82-c1e80a22dd7c
2f2650d0-7b01-4317-ab3a-acdc532ba654,9570dc47-5aa6-4147-a6b4-d46adc5e9e04
2f2650d0-7b01-4317-ab3a-acdc532ba654,962f3e6f-d164-45a3-8ae0-505f2a1986b3
2f2650d0-7b01-4317-ab3a-acdc532ba654,
2f2650d0-7b01-4317-ab3a-acdc532ba654,d10bb8e6-a14e-4803-81f8-d83cd99742b3
35d5bfd0-a560-41c7-b4f5-96008535794f,c975a59d-01f3-4d77-b75e-3c6e9df5c046
37a71180-0816-4673-a5a3-34c1c4f697cc,8b9fe752-7122-45ff-993f-0f8722b4d052
37a71180-0816-4673-a5a3-34c1c4f697cc,c549b981-02e3-4636-aa78-1c2c15829856
37a71180-0816-4673-a5a3-34c1c4f697cc,c93eb399-12aa-454e-9608-098dd30bb2af
37a71180-0816-4673-a5a3-34c1c4f697cc,0b70893f-bf3d-40ff-82c7-283b83028de9
37a71180-0816-4673-a5a3-34c1c4f697cc,c8aafb41-f46b-40d5-95aa-ebbdd6ec8843
37a71180-0816-4673-a5a3-34c1c4f697cc,b6de6634-daca-4037-a781-0c7dea233860
37a71180-0816-4673-a5a3-34c1c4f697cc,7acdbcab-076d-4084-a535-9a0bca4fdcc5
37a71180-0816-4673-a5a3-34c1c4f697cc,827adcb4-d245-407b-8f11-5726941751fc
37a71180-0816-4673-a5a3-34c1c4f697cc,3b8a0009-77eb-4c41-8fd0-e00ac59ebf56
37a71180-0816-4673-a5a3-34c1c4f697cc,c18210d4-ac18-4594-b0e0-0470d6041b51
37a71180-0816-4673-a5a3-34c1c4f697cc,98671c42-d01a-4b6f-b940-6f630b492ed7
37a71180-0816-4673-a5a3-34c1c4f697cc,98f7e57b-1db0-4498-b617-e243b2c6e540
37e295c9-2011-40c2-9ef5-499b618b5f4c,5d4e7db7-be83-4acb-a361-0b69fce36c3b
37e295c9-2011-40c2-9ef5-499b618b5f4c,852ff13b-0b2a-4303-9901-85152de0796f
37e295c9-2011-40c2-9ef5-499b618b5f4c,2d353307-9edf-4569-9de0-49044b86a377
37e295c9-2011-40c2-9ef5-499b618b5f4c,d9dcfb19-325f-41be-b4fd-184f44d7b1c7
3b59c29c-9d24-4993-8117-b7d1cbae0149,1082bd10-4590-44cd-adeb-d372aac6a36c
3e299743-7ab3-4727-b631-289b9883ec24,76b569ef-cf1b-426f-aa05-a31c3f9b3093
3e299743-7ab3-4727-b631-289b9883ec24,a7477b74-9335-412d-b238-592699344381
3e299743-7ab3-4727-b631-289b9883ec24,9ec30994-551d-46ec-bcc3-671aa7adf6b6
3e299743-7ab3-4727-b631-289b9883ec24,4105a99c-3bc8-4097-a4c9-60ef48d8ea98
3e539377-16b5-44cb-af9e-2d150f291112,dfb00b09-73fe-4d02-8318-53e882eaac38
3e539377-16b5-44cb-af9e-2d150f291112,4be855ef-a8ba-4ad3-874b-4c85a7b5c605
3e539377-16b5-44cb-af9e-2d150f291112,53e0a5e3-22e4-4c45-aa83-8d478125c08d
3e539377-16b5-44cb-af9e-2d150f291112,6655388e-822a-46f6-bdab-aecc483b96fd
3e539377-16b5-44cb-af9e-2d150f291112,12b2766a-63e3-4e38-9faa-d3a158f224b1
3e539377-16b5-44cb-af9e-2d150f291112,f9dcc438-66e6-4687-8ac3-c3de4eb00f4b
3e539377-16b5-44cb-af9e-2d150f291112,8ba9d2c1-80d0-417e-8ef4-ba40f2f3da0e
3e539377-16b5-44cb-af9e-2d150f291112,0a1d5bac-a266-48d2-ad12-de667b999e03
3e539377-16b5-44cb-af9e-2d150f291112,c8577cfc-5587-426c-81f7-232024da155b
3e539377-16b5-44cb-af9e-2d150f291112,a2f8e82d-6580-4374-9bb7-3e314d575060
3e539377-16b5-44cb-af9e-2d150f291112,e31babf2-dfa3-4350-9aad-e25ad8dce459
3e539377-16b5-44cb-af9e-2d150f291112,c0b5008e-b033-405c-acd7-69c0fdedf990
3ea81566-feb9-42fa-898f-b7aad7713935,f241278e-1900-46f0-99c8-b91e8d0018a4
3f1b2cca-d153-4bfd-8a64-35be4f642f5f,495cccdd-42d3-43d3-9ff0-00680bd8cfef
3f1b2cca-d153-4bfd-8a64-35be4f642f5f,b3bdbf5f-90c6-4e12-a3be-8a9000b8e95e
40b10782-979a-4a33-8cf1-462d38f35b7b,c975a59d-01f3-4d77-b75e-3c6e9df5c046
40c97221-b36d-4676-87e8-00b66fc536ec,9a0807d9-19a0-478d-89f7-6e7c304070a0
40c97221-b36d-4676-87e8-00b66fc536ec,aaf53b41-9f0d-4048-8566-1b5f13eea62b
40c97221-b36d-4676-87e8-00b66fc536ec,9f96b638-7920-4745-ab73-311cfa09b971
4250e604-8a32-43c6-8938-db90a789ce9e,1dd0dc3a-96af-4e01-8c85-10e4b9b50d65
4250e604-8a32-43c6-8938-db90a789ce9e,
4250e604-8a32-43c6-8938-db90a789ce9e,f241278e-1900-46f0-99c8-b91e8d0018a4
4250e604-8a32-43c6-8938-db90a789ce9e,f72a0f5b-f39c-4737-b1f3-674578fcfc38
429ee453-123b-4786-b4c1-c36b1303c389,07884933-a53c-47a0-8cc2-9aa179f81def
429ee453-123b-4786-b4c1-c36b1303c389,01c42a99-19fd-4376-8b5a-1145ff0c93ec
429ee453-123b-4786-b4c1-c36b1303c389,50313d9e-7490-46cd-b088-5b7afd088ee3
429ee453-123b-4786-b4c1-c36b1303c389,8fa8aa52-8fc8-4aaa-8357-7a2b0fc65728
429ee453-123b-4786-b4c1-c36b1303c389,a4962d57-c054-4907-a83b-3ee6214812d1
429ee453-123b-4786-b4c1-c36b1303c389,0cda7227-5074-4da4-8aec-0e2c54ea25f5
429ee453-123b-4786-b4c1-c36b1303c389,ae68aedf-d133-478c-a6b4-4c316e5d294f
429ee453-123b-4786-b4c1-c36b1303c389,2d40a0cf-c4f6-44b6-b0fb-83d5015cb383
429ee453-123b-4786-b4c1-c36b1303c389,013ce8c3-04aa-4be8-af94-121b255bc2c9
429ee453-123b-4786-b4c1-c36b1303c389,3f5f7230-77c3-4ee4-bd77-b957b8f06289
429ee453-123b-4786-b4c1-c36b1303c389,ce6b7383-eb1c-4f1f-861e-9ce81933e8a6
43874921-c722-475c-89ac-2d99703c49ca,da8857bf-e620-4144-b522-e4bce985db49
43874921-c722-475c-89ac-2d99703c49ca,4875a0d9-10fb-4210-a1e0-f83c060ee3c2
43874921-c722-475c-89ac-2d99703c49ca,c26d8800-4b42-4ade-9811-a03bc4ad6cb7
43874921-c722-475c-89ac-2d99703c49ca,f9dcc438-66e6-4687-8ac3-c3de4eb00f4b
43874921-c722-475c-89ac-2d99703c49ca,79a85d4a-4540-466f-aa88-35a3ef5d953c
43874921-c722-475c-89ac-2d99703c49ca,a9cb335f-7891-4c6a-ab14-b2952757a0c8
43874921-c722-475c-89ac-2d99703c49ca,
43874921-c722-475c-89ac-2d99703c49ca,05251572-bbd4-48c3-9a08-f8e2d8032b19
43874921-c722-475c-89ac-2d99703c49ca,c13ff29a-2849-40f4-95db-a89dc77c8c33
43874921-c722-475c-89ac-2d99703c49ca,a2f8e82d-6580-4374-9bb7-3e314d575060
43874921-c722-475c-89ac-2d99703c49ca,97a67561-e788-4116-acbe-333818a3f37b
464176e7-eee3-4704-b06d-bd58fb18953a,6b8f57eb-93ae-44f0-bf04-57e7ad45649b
464176e7-eee3-4704-b06d-bd58fb18953a,
48300096-f266-4847-bd41-c6c31458a809,313500f2-0335-42d4-94ea-a268666ce8a8
48300096-f266-4847-bd41-c6c31458a809,4be855ef-a8ba-4ad3-874b-4c85a7b5c605
48300096-f266-4847-bd41-c6c31458a809,53e0a5e3-22e4-4c45-aa83-8d478125c08d
48300096-f266-4847-bd41-c6c31458a809,6655388e-822a-46f6-bdab-aecc483b96fd
48300096-f266-4847-bd41-c6c31458a809,12b2766a-63e3-4e38-9faa-d3a158f224b1
48300096-f266-4847-bd41-c6c31458a809,f9dcc438-66e6-4687-8ac3-c3de4eb00f4b
48300096-f266-4847-bd41-c6c31458a809,7dd6a2f2-492b-4b34-b683-80cd3d570473
48300096-f266-4847-bd41-c6c31458a809,0a1d5bac-a266-48d2-ad12-de667b999e03
48300096-f266-4847-bd41-c6c31458a809,c8577cfc-5587-426c-81f7-232024da155b
48300096-f266-4847-bd41-c6c31458a809,a2f8e82d-6580-4374-9bb7-3e314d575060
48300096-f266-4847-bd41-c6c31458a809,e31babf2-dfa3-4350-9aad-e25ad8dce459
4891db02-37ec-4289-a14c-f17aa5de1913,cafa795d-63b2-4ce5-92bf-87d35e89ab94
4891db02-37ec-4289-a14c-f17aa5de1913,
4891db02-37ec-4289-a14c-f17aa5de1913,e89f3cc4-03b7-40cd-8850-b68240d6bcb3
4891db02-37ec-4289-a14c-f17aa5de1913,a4262d2b-5736-4158-bb0c-22b098b3d773
4891db02-37ec-4289-a14c-f17aa5de1913,2fb3f595-f90b-4edf-a0eb-00fb955bc3e0
4891db02-37ec-4289-a14c-f17aa5de1913,ff4d4642-7b2c-4256-9719-2c43baf99ae0
4891db02-37ec-4289-a14c-f17aa5de1913,eeb7ee2d-20e5-42ae-bf2b-2e5bcfc42261
4891db02-37ec-4289-a14c-f17aa5de1913,99c545bd-0772-436f-bfb7-28ad02e0068f
49b3bae8-e616-4587-ab0b-ac7419050e52,5364df42-ccc8-49b2-ab79-f45071e00e47
49b3bae8-e616-4587-ab0b-ac7419050e52,2dd2037a-6121-4065-9be1-4e6624151485
49b3bae8-e616-4587-ab0b-ac7419050e52,5121774e-3a50-48ff-bb28-d0e8f995d769
49b3bae8-e616-4587-ab0b-ac7419050e52,e7a4ec98-a7aa-49c9-95f6-d21d9a36d443
49b3bae8-e616-4587-ab0b-ac7419050e52,56296605-9f72-40dd-90b5-c7e27098ff59
49b3bae8-e616-4587-ab0b-ac7419050e52,78221052-807c-454f-96dd-c89c925016e5
49b3bae8-e616-4587-ab0b-ac7419050e52,78cb1d0d-41d8-4193-af9d-7480e03c3377
49b3bae8-e616-4587-ab0b-ac7419050e52,105b2770-31b6-478b-90ea-b7ec3890ea01
49b3bae8-e616-4587-ab0b-ac7419050e52,71951a57-ea1c-4f8c-91ef-372dabba3a77
49b3bae8-e616-4587-ab0b-ac7419050e52,56f1738f-0bda-4656-b035-b6cc949f9a0e
49b3bae8-e616-4587-ab0b-ac7419050e52,d1032102-6979-4973-b407-0d369239acb4
49b3bae8-e616-4587-ab0b-ac7419050e52,268fe878-51ee-4d9a-ad05-086f96daf7cb
49b3bae8-e616-4587-ab0b-ac7419050e52,2f181b39-512d-45cb-ac77-4fd96034f54b
49b3bae8-e616-4587-ab0b-ac7419050e52,8cdbc9f2-8b5e-44de-8129-d41dc2cce5bf
49b3bae8-e616-4587-ab0b-ac7419050e52,ee1166db-f0e7-406a-bc98-ac8d1c4f097b
49b3bae8-e616-4587-ab0b-ac7419050e52,c0ecbced-2424-4a47-9c6e-6f0ac4d2daa3
4a622527-0ffa-4af0-8eda-b62d25b94529,f241278e-1900-46f0-99c8-b91e8d0018a4
4ad61adc-58a8-4b38-9369-da383c560576,c975a59d-01f3-4d77-b75e-3c6e9df5c046
4c541a53-14cf-462f-ac06-a73766bbba1c,7a5a4478-4506-4d93-b83f-def19c75317d
4c541a53-14cf-462f-ac06-a73766bbba1c,6228a8d1-f1cc-467e-ae77-31915c5c20ff
4c541a53-14cf-462f-ac06-a73766bbba1c,7c87f7c8-4247-4264-913c-42f1bae45245
4c541a53-14cf-462f-ac06-a73766bbba1c,e4511bf2-49eb-43d9-9a7a-3a4ccc1766f6
4c541a53-14cf-462f-ac06-a73766bbba1c,c18210d4-ac18-4594-b0e0-0470d6041b51
4c541a53-14cf-462f-ac06-a73766bbba1c,981427d8-2ad5-4db2-a59e-1e6047b9c252
4c541a53-14cf-462f-ac06-a73766bbba1c,e9118e56-a718-4c65-a438-ade0b76b9c0c
4c541a53-14cf-462f-ac06-a73766bbba1c,19998143-a236-4a7b-b461-ef361639134f
4c541a53-14cf-462f-ac06-a73766bbba1c,3be8319c-a489-4fc3-9e47-6ae1c308da87
4c541a53-14cf-462f-ac06-a73766bbba1c,82a99265-0c9e-4b0d-9995-7aeda7e4d0c5
4c541a53-14cf-462f-ac06-a73766bbba1c,443b086f-8b03-4d21-808c-c40a74f540dd
4d31125b-0ef0-4464-a5a6-86df73b72983,495cccdd-42d3-43d3-9ff0-00680bd8cfef
51323806-63e3-432d-91cf-4cfb980c8f46,5364df42-ccc8-49b2-ab79-f45071e00e47
51323806-63e3-432d-91cf-4cfb980c8f46,2dd2037a-6121-4065-9be1-4e6624151485
51323806-63e3-432d-91cf-4cfb980c8f46,5121774e-3a50-48ff-bb28-d0e8f995d769
51323806-63e3-432d-91cf-4cfb980c8f46,e7a4ec98-a7aa-49c9-95f6-d21d9a36d443
51323806-63e3-432d-91cf-4cfb980c8f46,56296605-9f72-40dd-90b5-c7e27098ff59
51323806-63e3-432d-91cf-4cfb980c8f46,78221052-807c-454f-96dd-c89c925016e5
51323806-63e3-432d-91cf-4cfb980c8f46,78cb1d0d-41d8-4193-af9d-7480e03c3377
51323806-63e3-432d-91cf-4cfb980c8f46,105b2770-31b6-478b-90ea-b7ec3890ea01
51323806-63e3-432d-91cf-4cfb980c8f46,71951a57-ea1c-4f8c-91ef-372dabba3a77
51323806-63e3-432d-91cf-4cfb980c8f46,56f1738f-0bda-4656-b035-b6cc949f9a0e
51323806-63e3-432d-91cf-4cfb980c8f46,d1032102-6979-4973-b407-0d369239acb4
51323806-63e3-432d-91cf-4cfb980c8f46,268fe878-51ee-4d9a-ad05-086f96daf7cb
51323806-63e3-432d-91cf-4cfb980c8f46,2f181b39-512d-45cb-ac77-4fd96034f54b
51323806-63e3-432d-91cf-4cfb980c8f46,8cdbc9f2-8b5e-44de-8129-d41dc2cce5bf
51323806-63e3-432d-91cf-4cfb980c8f46,ee1166db-f0e7-406a-bc98-ac8d1c4f097b
51323806-63e3-432d-91cf-4cfb980c8f46,c0ecbced-2424-4a47-9c6e-6f0ac4d2daa3
56da53f2-6735-414c-b98a-0423e4b3112e,8ba9d2c1-80d0-417e-8ef4-ba40f2f3da0e
56da53f2-6735-414c-b98a-0423e4b3112e,dfb00b09-73fe-4d02-8318-53e882eaac38
56da53f2-6735-414c-b98a-0423e4b3112e,c8577cfc-5587-426c-81f7-232024da155b
56da53f2-6735-414c-b98a-0423e4b3112e,c853c6a9-ebd7-4c18-9fc0-a7ebee53ad9f
56da53f2-6735-414c-b98a-0423e4b3112e,d21647af-8e11-4d68-84a0-0f55160865f6
56da53f2-6735-414c-b98a-0423e4b3112e,49d45d55-bbb9-49a2-a042-8befd9bb0ab1
56da53f2-6735-414c-b98a-0423e4b3112e,ca6d004b-9804-47c6-a3b5-709da2ebfa9c
56da53f2-6735-414c-b98a-0423e4b3112e,07480d3e-0d28-4f81-9fb0-9cf8fc24e3ae
56da53f2-6735-414c-b98a-0423e4b3112e,4a16ba1c-b073-479d-ae44-7a67c1265827
56da53f2-6735-414c-b98a-0423e4b3112e,7dd6a2f2-492b-4b34-b683-80cd3d570473
56da53f2-6735-414c-b98a-0423e4b3112e,79dc5e73-8c75-4840-8cc3-6bad838167a9
56da53f2-6735-414c-b98a-0423e4b3112e,313500f2-0335-42d4-94ea-a268666ce8a8
56eb48ae-6703-49a5-8c62-5ee155dc3824,f2a04237-85d3-43b8-920a-5cd343114e38
56eb48ae-6703-49a5-8c62-5ee155dc3824,92238e6f-169a-448e-b1ea-7823f3a52623
577eec10-f751-4053-8334-c8518830fba8,5364df42-ccc8-49b2-ab79-f45071e00e47
577eec10-f751-4053-8334-c8518830fba8,2dd2037a-6121-4065-9be1-4e6624151485
577eec10-f751-4053-8334-c8518830fba8,5121774e-3a50-48ff-bb28-d0e8f995d769
577eec10-f751-4053-8334-c8518830fba8,e7a4ec98-a7aa-49c9-95f6-d21d9a36d443
577eec10-f751-4053-8334-c8518830fba8,56296605-9f72-40dd-90b5-c7e27098ff59
577eec10-f751-4053-8334-c8518830fba8,78221052-807c-454f-96dd-c89c925016e5
577eec10-f751-4053-8334-c8518830fba8,78cb1d0d-41d8-4193-af9d-7480e03c3377
577eec10-f751-4053-8334-c8518830fba8,105b2770-31b6-478b-90ea-b7ec3890ea01
577eec10-f751-4053-8334-c8518830fba8,71951a57-ea1c-4f8c-91ef-372dabba3a77
577eec10-f751-4053-8334-c8518830fba8,56f1738f-0bda-4656-b035-b6cc949f9a0e
577eec10-f751-4053-8334-c8518830fba8,d1032102-6979-4973-b407-0d369239acb4
577eec10-f751-4053-8334-c8518830fba8,268fe878-51ee-4d9a-ad05-086f96daf7cb
577eec10-f751-4053-8334-c8518830fba8,2f181b39-512d-45cb-ac77-4fd96034f54b
577eec10-f751-4053-8334-c8518830fba8,8cdbc9f2-8b5e-44de-8129-d41dc2cce5bf
577eec10-f751-4053-8334-c8518830fba8,ee1166db-f0e7-406a-bc98-ac8d1c4f097b
577eec10-f751-4053-8334-c8518830fba8,c0ecbced-2424-4a47-9c6e-6f0ac4d2daa3
57e27cc1-535e-4a47-83d5-84c0330382b0,2e7e2ac6-0696-4869-b56a-688c47a8441f
57e27cc1-535e-4a47-83d5-84c0330382b0,d7bf7b57-10bf-435b-9f35-bfbc309e4a05
57e27cc1-535e-4a47-83d5-84c0330382b0,37c1a36a-e4ea-4229-98d5-95a6af04156d
57e27cc1-535e-4a47-83d5-84c0330382b0,65f7c99c-3f64-4bd1-b512-ca6dbbef8d61
57e27cc1-535e-4a47-83d5-84c0330382b0,7d6672b4-8e81-4e6e-be05-9f035f106ca0
57e27cc1-535e-4a47-83d5-84c0330382b0,c179b61f-b41e-4391-beaa-6e3e352084f7
57e27cc1-535e-4a47-83d5-84c0330382b0,a20899a7-4835-4c28-98b0-f484229fb8ad
57e27cc1-535e-4a47-83d5-84c0330382b0,c0383a6c-31ab-4f54-a183-3c31fde40792
57e27cc1-535e-4a47-83d5-84c0330382b0,ee066748-5d44-4286-bac4-34d6d602e1fa
57e27cc1-535e-4a47-83d5-84c0330382b0,aaa3f481-e54e-4af4-a20d-68218061acd8
57e27cc1-535e-4a47-83d5-84c0330382b0,64f75b39-3246-4c67-a374-37718809f9cd
57e27cc1-535e-4a47-83d5-84c0330382b0,ef5a565a-ee91-46f4-a348-b313fdb6d7de
57e27cc1-535e-4a47-83d5-84c0330382b0,c171d6c1-82e1-499d-bd0f-e84027625cc7
5817bac5-074e-46d7-830c-07a02dd31a6e,1dd0dc3a-96af-4e01-8c85-10e4b9b50d65
5817bac5-074e-46d7-830c-07a02dd31a6e,
5817bac5-074e-46d7-830c-07a02dd31a6e,f72a0f5b-f39c-4737-b1f3-674578fcfc38
58c5272c-e3e4-4593-b9de-681c08e9f596,5364df42-ccc8-49b2-ab79-f45071e00e47
58c5272c-e3e4-4593-b9de-681c08e9f596,5121774e-3a50-48ff-bb28-d0e8f995d769
58c5272c-e3e4-4593-b9de-681c08e9f596,105b2770-31b6-478b-90ea-b7ec3890ea01
58c5272c-e3e4-4593-b9de-681c08e9f596,56296605-9f72-40dd-90b5-c7e27098ff59
58c5272c-e3e4-4593-b9de-681c08e9f596,78221052-807c-454f-96dd-c89c925016e5
58c5272c-e3e4-4593-b9de-681c08e9f596,e7a4ec98-a7aa-49c9-95f6-d21d9a36d443
58c5272c-e3e4-4593-b9de-681c08e9f596,71951a57-ea1c-4f8c-91ef-372dabba3a77
58c5272c-e3e4-4593-b9de-681c08e9f596,78cb1d0d-41d8-4193-af9d-7480e03c3377
58c5272c-e3e4-4593-b9de-681c08e9f596,56f1738f-0bda-4656-b035-b6cc949f9a0e
58c5272c-e3e4-4593-b9de-681c08e9f596,d1032102-6979-4973-b407-0d369239acb4
58c5272c-e3e4-4593-b9de-681c08e9f596,2dd2037a-6121-4065-9be1-4e6624151485
58c5272c-e3e4-4593-b9de-681c08e9f596,268fe878-51ee-4d9a-ad05-086f96daf7cb
58c5272c-e3e4-4593-b9de-681c08e9f596,030e21a6-4f60-4243-bf67-7c8bbb6697ee
58c5272c-e3e4-4593-b9de-681c08e9f596,2f181b39-512d-45cb-ac77-4fd96034f54b
58c5272c-e3e4-4593-b9de-681c08e9f596,8cdbc9f2-8b5e-44de-8129-d41dc2cce5bf
58c5272c-e3e4-4593-b9de-681c08e9f596,ee1166db-f0e7-406a-bc98-ac8d1c4f097b
58c5272c-e3e4-4593-b9de-681c08e9f596,c0ecbced-2424-4a47-9c6e-6f0ac4d2daa3
5a37265c-e6d2-41b4-ab84-828b60d6e9a8,
5d2a914e-1fa3-4346-9f3f-38a901f025d8,7b5d50a9-49cf-45b9-b64e-fe0743179296
5d2a914e-1fa3-4346-9f3f-38a901f025d8,348ba7a7-5b75-49f1-8c6f-336da2a0edb3
5d2a914e-1fa3-4346-9f3f-38a901f025d8,54cc0c0b-b177-4272-aed7-aedcd7a4d81f
5d2a914e-1fa3-4346-9f3f-38a901f025d8,ad8ccccc-4f80-4002-8c6f-1b73951e2b36
5d2a914e-1fa3-4346-9f3f-38a901f025d8,f9dcc438-66e6-4687-8ac3-c3de4eb00f4b
5d2a914e-1fa3-4346-9f3f-38a901f025d8,c7a3ebad-e376-4b96-8efa-3899b6defaf8
5d2a914e-1fa3-4346-9f3f-38a901f025d8,6655388e-822a-46f6-bdab-aecc483b96fd
5d2a914e-1fa3-4346-9f3f-38a901f025d8,3be8319c-a489-4fc3-9e47-6ae1c308da87
5d2a914e-1fa3-4346-9f3f-38a901f025d8,7c87f7c8-4247-4264-913c-42f1bae45245
5d2a914e-1fa3-4346-9f3f-38a901f025d8,23686c64-5b37-4fd1-b76d-aaca6c931c50
5d2a914e-1fa3-4346-9f3f-38a901f025d8,c8577cfc-5587-426c-81f7-232024da155b
5d2a914e-1fa3-4346-9f3f-38a901f025d8,318f7459-ddf0-47ee-b882-5650e756cf2a
5d2a914e-1fa3-4346-9f3f-38a901f025d8,a2f8e82d-6580-4374-9bb7-3e314d575060
5d2cf167-fafe-45c1-9793-bef29c96cc6b,40856662-0205-4950-99d4-a2b5c02ee03c
5d2cf167-fafe-45c1-9793-bef29c96cc6b,ad3cc0af-b3fd-485b-8e6e-d061818aa14d
5d2cf167-fafe-45c1-9793-bef29c96cc6b,f3ffe3a7-5a1c-4923-9432-3c7d18aa358b
5d2cf167-fafe-45c1-9793-bef29c96cc6b,ac115069-1e80-4d82-af47-8e5d26c40cc6
600c92dc-58bf-4391-a626-739dc9f4fd76,9c70714f-04c3-4b16-bcc8-8768649058c9
600c92dc-58bf-4391-a626-739dc9f4fd76,fb69cc89-1d09-43bd-9e51-fb9ed942fddb
600c92dc-58bf-4391-a626-739dc9f4fd76,9eaffd05-4512-467f-98c5-712cd2a9cbf8
600c92dc-58bf-4391-a626-739dc9f4fd76,
600c92dc-58bf-4391-a626-739dc9f4fd76,3563a40a-9515-45c3-9ab9-3651353768f4
600c92dc-58bf-4391-a626-739dc9f4fd76,9c5de088-4987-4110-b85e-6c20c6451c47
600c92dc-58bf-4391-a626-739dc9f4fd76,6567449a-601c-4840-933f-ca484c886322
600c92dc-58bf-4391-a626-739dc9f4fd76,8cea65eb-c406-4251-83c9-6352ab1143a4
600c92dc-58bf-4391-a626-739dc9f4fd76,8ba9d2c1-80d0-417e-8ef4-ba40f2f3da0e
600c92dc-58bf-4391-a626-739dc9f4fd76,f182c09d-5e3c-47ad-a659-69e048c3bd5a
600c92dc-58bf-4391-a626-739dc9f4fd76,38ab1f31-c319-4da4-822b-7b1f560a6b10
600c92dc-58bf-4391-a626-739dc9f4fd76,b33f60f9-28a5-47db-8353-3cf6868ec096
600c92dc-58bf-4391-a626-739dc9f4fd76,a361a713-9b6d-42f6-b162-03132e84bfb9
600c92dc-58bf-4391-a626-739dc9f4fd76,7434a043-5faf-4761-8eb7-ac3bf2d1982c
600c92dc-58bf-4391-a626-739dc9f4fd76,aef7fcc7-96c0-4e6f-a930-1c47b6075e0f
600c92dc-58bf-4391-a626-739dc9f4fd76,c8577cfc-5587-426c-81f7-232024da155b
600c92dc-58bf-4391-a626-739dc9f4fd76,3b8a0009-77eb-4c41-8fd0-e00ac59ebf56
62e0ae65-453d-4217-830d-5f70e6b3d275,0633c799-3421-4874-8881-db317a4a136e
62e0ae65-453d-4217-830d-5f70e6b3d275,
62e0ae65-453d-4217-830d-5f70e6b3d275,c925d8e5-96b0-41ea-aaca-898579765311
62e0ae65-453d-4217-830d-5f70e6b3d275,f309851b-5147-4437-9a14-285052e98ad7
62e0ae65-453d-4217-830d-5f70e6b3d275,44f945a9-9b5b-4a39-9a05-e87da87d21a3
62e0ae65-453d-4217-830d-5f70e6b3d275,cc0b0882-b00e-4d52-94d1-a3b5d46d328d
62e0ae65-453d-4217-830d-5f70e6b3d275,0a009922-7a89-4837-b3b2-4bc2c4699e88
62e0ae65-453d-4217-830d-5f70e6b3d275,20e01179-2baa-4019-83af-cfda884dd0d4
62e0ae65-453d-4217-830d-5f70e6b3d275,304f3d5f-9b16-45f3-803f-c6386208713f
62e0ae65-453d-4217-830d-5f70e6b3d275,2fb3f595-f90b-4edf-a0eb-00fb955bc3e0
62e0ae65-453d-4217-830d-5f70e6b3d275,3b8a0009-77eb-4c41-8fd0-e00ac59ebf56
62e0ae65-453d-4217-830d-5f70e6b3d275,07531271-22ce-4668-8976-fc84565a3940
62e0ae65-453d-4217-830d-5f70e6b3d275,dbe7a4fa-69c3-4599-b98d-e65544a44a02
6335b502-bd0d-443d-af83-25ba6d1404d2,1dd0dc3a-96af-4e01-8c85-10e4b9b50d65
6335b502-bd0d-443d-af83-25ba6d1404d2,
6335b502-bd0d-443d-af83-25ba6d1404d2,f241278e-1900-46f0-99c8-b91e8d0018a4
6335b502-bd0d-443d-af83-25ba6d1404d2,f72a0f5b-f39c-4737-b1f3-674578fcfc38
642af298-4c2f-4465-8683-679287fba208,ac115069-1e80-4d82-af47-8e5d26c40cc6
642af298-4c2f-4465-8683-679287fba208,ad3cc0af-b3fd-485b-8e6e-d061818aa14d
642af298-4c2f-4465-8683-679287fba208,1840007d-2275-4e7e-9041-7941bfc5ada9
642af298-4c2f-4465-8683-679287fba208,40856662-0205-4950-99d4-a2b5c02ee03c
642af298-4c2f-4465-8683-679287fba208,b61928f6-a4ea-456b-9d42-2fb0475626c8
642af298-4c2f-4465-8683-679287fba208,4f9fd46e-188d-41a6-86a8-00973b11e0cd
642af298-4c2f-4465-8683-679287fba208,ad3c0571-8780-410c-bc12-9aef5a727c04
642af298-4c2f-4465-8683-679287fba208,3c1fe051-b3e9-4854-a2bf-bf3ff21a82b4
650ae439-1764-4949-9998-da719b30522f,
660289d3-e5e1-47ff-bfdb-dd40b40dc7a8,5364df42-ccc8-49b2-ab79-f45071e00e47
660289d3-e5e1-47ff-bfdb-dd40b40dc7a8,2dd2037a-6121-4065-9be1-4e6624151485
660289d3-e5e1-47ff-bfdb-dd40b40dc7a8,5121774e-3a50-48ff-bb28-d0e8f995d769
660289d3-e5e1-47ff-bfdb-dd40b40dc7a8,e7a4ec98-a7aa-49c9-95f6-d21d9a36d443
660289d3-e5e1-47ff-bfdb-dd40b40dc7a8,56296605-9f72-40dd-90b5-c7e27098ff59
660289d3-e5e1-47ff-bfdb-dd40b40dc7a8,78221052-807c-454f-96dd-c89c925016e5
660289d3-e5e1-47ff-bfdb-dd40b40dc7a8,78cb1d0d-41d8-4193-af9d-7480e03c3377
660289d3-e5e1-47ff-bfdb-dd40b40dc7a8,105b2770-31b6-478b-90ea-b7ec3890ea01
660289d3-e5e1-47ff-bfdb-dd40b40dc7a8,71951a57-ea1c-4f8c-91ef-372dabba3a77
660289d3-e5e1-47ff-bfdb-dd40b40dc7a8,56f1738f-0bda-4656-b035-b6cc949f9a0e
660289d3-e5e1-47ff-bfdb-dd40b40dc7a8,d1032102-6979-4973-b407-0d369239acb4
660289d3-e5e1-47ff-bfdb-dd40b40dc7a8,268fe878-51ee-4d9a-ad05-086f96daf7cb
660289d3-e5e1-47ff-bfdb-dd40b40dc7a8,2f181b39-512d-45cb-ac77-4fd96034f54b
660289d3-e5e1-47ff-bfdb-dd40b40dc7a8,8cdbc9f2-8b5e-44de-8129-d41dc2cce5bf
660289d3-e5e1-47ff-bfdb-dd40b40dc7a8,ee1166db-f0e7-406a-bc98-ac8d1c4f097b
660289d3-e5e1-47ff-bfdb-dd40b40dc7a8,c0ecbced-2424-4a47-9c6e-6f0ac4d2daa3
66e2b652-5a71-49db-94d2-8feb598de5db,c975a59d-01f3-4d77-b75e-3c6e9df5c046
6a052031-bde9-4c90-a19f-b52bdca4467f,f72a0f5b-f39c-4737-b1f3-674578fcfc38
6a052031-bde9-4c90-a19f-b52bdca4467f,e07a4161-a0fc-46aa-af3f-9b4fb28974d6
6a052031-bde9-4c90-a19f-b52bdca4467f,e5d4b9c2-2ef8-4fd0-9c0a-297bab473b8d
6a052031-bde9-4c90-a19f-b52bdca4467f,8f424000-8dc7-4cc8-98ff-76213d639b4c
6a052031-bde9-4c90-a19f-b52bdca4467f,3606f231-f1b3-41f7-8571-7c8d51742733
6a052031-bde9-4c90-a19f-b52bdca4467f,a0a6ee24-5fb6-4f06-8bad-be4fbe3c4a7c
6f825908-55ea-44e8-9d64-f0f40aa89a8d,f2ce2479-3ec7-4786-a5c7-e7d43f3e4496
6f825908-55ea-44e8-9d64-f0f40aa89a8d,697a9c74-2779-412d-9c4f-ce2985b1a9a8
6f825908-55ea-44e8-9d64-f0f40aa89a8d,86a6cb80-3754-462d-9c01-f7d1ae01cd02
6f825908-55ea-44e8-9d64-f0f40aa89a8d,
6f825908-55ea-44e8-9d64-f0f40aa89a8d,3563a40a-9515-45c3-9ab9-3651353768f4
6f825908-55ea-44e8-9d64-f0f40aa89a8d,6567449a-601c-4840-933f-ca484c886322
6f825908-55ea-44e8-9d64-f0f40aa89a8d,0f56f4b6-2de6-41ae-bfbb-741bc95d036c
6f825908-55ea-44e8-9d64-f0f40aa89a8d,8cea65eb-c406-4251-83c9-6352ab1143a4
6f825908-55ea-44e8-9d64-f0f40aa89a8d,8ba9d2c1-80d0-417e-8ef4-ba40f2f3da0e
6f825908-55ea-44e8-9d64-f0f40aa89a8d,38ab1f31-c319-4da4-822b-7b1f560a6b10
6f825908-55ea-44e8-9d64-f0f40aa89a8d,b33f60f9-28a5-47db-8353-3cf6868ec096
6f825908-55ea-44e8-9d64-f0f40aa89a8d,a361a713-9b6d-42f6-b162-03132e84bfb9
6f825908-55ea-44e8-9d64-f0f40aa89a8d,9c70714f-04c3-4b16-bcc8-8768649058c9
6f825908-55ea-44e8-9d64-f0f40aa89a8d,7434a043-5faf-4761-8eb7-ac3bf2d1982c
6f825908-55ea-44e8-9d64-f0f40aa89a8d,aef7fcc7-96c0-4e6f-a930-1c47b6075e0f
6f825908-55ea-44e8-9d64-f0f40aa89a8d,c8577cfc-5587-426c-81f7-232024da155b
6f825908-55ea-44e8-9d64-f0f40aa89a8d,3b8a0009-77eb-4c41-8fd0-e00ac59ebf56
6f825908-55ea-44e8-9d64-f0f40aa89a8d,e7dcb933-3b60-4568-81a7-9d52e4902434
711433b6-2170-46b1-bd27-463193d204db,e906e805-873e-40b0-8a55-22ee7e1292f2
711433b6-2170-46b1-bd27-463193d204db,611968f1-3dd0-4182-b864-f69d949fd801
711433b6-2170-46b1-bd27-463193d204db,7af2936d-ea43-4079-abd0-1089302256f5
711433b6-2170-46b1-bd27-463193d204db,7b8713f1-be0d-4833-9c11-fdb83c22945e
711433b6-2170-46b1-bd27-463193d204db,ce6b7383-eb1c-4f1f-861e-9ce81933e8a6
711433b6-2170-46b1-bd27-463193d204db,7c87f7c8-4247-4264-913c-42f1bae45245
722084e4-b471-4adc-9d75-dbc5cd9f8ce5,8b9fe752-7122-45ff-993f-0f8722b4d052
722084e4-b471-4adc-9d75-dbc5cd9f8ce5,b8303047-b662-476c-81d0-d0b07d72ad08
722084e4-b471-4adc-9d75-dbc5cd9f8ce5,538aea89-d823-4150-a47e-b3951a96609d
722084e4-b471-4adc-9d75-dbc5cd9f8ce5,c8aafb41-f46b-40d5-95aa-ebbdd6ec8843
722084e4-b471-4adc-9d75-dbc5cd9f8ce5,6a53b43f-3188-465c-97ee-17bf26fa7b10
722084e4-b471-4adc-9d75-dbc5cd9f8ce5,c76488e5-2f55-4021-a4ae-996c3dd2df40
722084e4-b471-4adc-9d75-dbc5cd9f8ce5,7acdbcab-076d-4084-a535-9a0bca4fdcc5
722084e4-b471-4adc-9d75-dbc5cd9f8ce5,3b8a0009-77eb-4c41-8fd0-e00ac59ebf56
722084e4-b471-4adc-9d75-dbc5cd9f8ce5,32315a95-d276-4b47-b89e-da7b899e3ff8
722084e4-b471-4adc-9d75-dbc5cd9f8ce5,c7e124b5-e254-440f-9703-26e5ba2763d3
72cbad9e-0b8b-4783-9d89-089efda68110,ed73317f-2d1e-4ed7-b27e-9f0d8b8ea333
72cbad9e-0b8b-4783-9d89-089efda68110,f72a0f5b-f39c-4737-b1f3-674578fcfc38
72cbad9e-0b8b-4783-9d89-089efda68110,4b966f07-28c2-4b42-a912-d25cbaf317a0
72cbad9e-0b8b-4783-9d89-089efda68110,b590edec-8054-4925-8393-f9f605bcf19c
72cbad9e-0b8b-4783-9d89-089efda68110,71951a57-ea1c-4f8c-91ef-372dabba3a77
72cbad9e-0b8b-4783-9d89-089efda68110,24b1243e-b6d9-4054-a611-f1ed43dd310f
72cbad9e-0b8b-4783-9d89-089efda68110,443b086f-8b03-4d21-808c-c40a74f540dd
72cbad9e-0b8b-4783-9d89-089efda68110,c18210d4-ac18-4594-b0e0-0470d6041b51
72cbad9e-0b8b-4783-9d89-089efda68110,2e5697f9-6cac-4848-ad4f-5d7a476c5148
72cbad9e-0b8b-4783-9d89-089efda68110,82a99265-0c9e-4b0d-9995-7aeda7e4d0c5
72cbad9e-0b8b-4783-9d89-089efda68110,15b2dde9-f11f-449b-844f-0a90980579ba
72cbad9e-0b8b-4783-9d89-089efda68110,e4511bf2-49eb-43d9-9a7a-3a4ccc1766f6
72cbad9e-0b8b-4783-9d89-089efda68110,1f650072-d73c-4b64-bfcb-6f450e07cf6d
72cbad9e-0b8b-4783-9d89-089efda68110,de87616c-10cc-4f39-a286-1423588bdb07
72cbad9e-0b8b-4783-9d89-089efda68110,8415a36c-ff53-4c3e-a9ff-53462c1b492c
73f091a8-e935-46e4-9ed8-841488642d1d,885ffae3-d119-4d2a-bce3-33542ce8cbb6
73f091a8-e935-46e4-9ed8-841488642d1d,c00eccb3-8cf8-4e72-982c-233963ee87a3
73f091a8-e935-46e4-9ed8-841488642d1d,b0c114d8-e9bc-41a1-ac4b-b945969ad79e
73f091a8-e935-46e4-9ed8-841488642d1d,55f414fc-eec9-4fa9-b74e-d257bc0e0b1b
73f091a8-e935-46e4-9ed8-841488642d1d,2abc314d-5145-47d4-baf1-13fb85ea7118
73f091a8-e935-46e4-9ed8-841488642d1d,965afe1d-5dd6-45e0-80f2-59eedb273ab8
73f091a8-e935-46e4-9ed8-841488642d1d,a7477b74-9335-412d-b238-592699344381
73f091a8-e935-46e4-9ed8-841488642d1d,7d701315-279c-49b7-b846-2a2b615f2144
73f091a8-e935-46e4-9ed8-841488642d1d,5c18b6b9-50b5-42d1-8815-8f6a4918348f
73f091a8-e935-46e4-9ed8-841488642d1d,b7b695a6-f7fc-4bb5-844b-877aaf487a46
73f091a8-e935-46e4-9ed8-841488642d1d,916e8cef-3a80-4cc4-8919-915afd569165
78815f24-2612-4a8b-aac8-f7742b330e88,463bdbfe-b10c-4752-bfbc-7b827f6c48ba
78815f24-2612-4a8b-aac8-f7742b330e88,
78815f24-2612-4a8b-aac8-f7742b330e88,e9aae0fb-920e-4451-8e9e-9e3ea201a7dd
78815f24-2612-4a8b-aac8-f7742b330e88,bd512908-117d-42ba-8a79-efcfceae615c
78815f24-2612-4a8b-aac8-f7742b330e88,cf5b507c-debe-4c7c-bbf5-348659626795
78815f24-2612-4a8b-aac8-f7742b330e88,5bc6f742-1fc8-4efa-943e-f0268066ad55
78815f24-2612-4a8b-aac8-f7742b330e88,b21a7140-17ba-4526-9395-a88cf81340de
78815f24-2612-4a8b-aac8-f7742b330e88,c80aa305-cb41-42eb-a6d4-debf924a9893
7ba37d2a-7433-462e-9000-dda76f13dc7e,5d4e7db7-be83-4acb-a361-0b69fce36c3b
7ba37d2a-7433-462e-9000-dda76f13dc7e,d9dcfb19-325f-41be-b4fd-184f44d7b1c7
7ba37d2a-7433-462e-9000-dda76f13dc7e,2d353307-9edf-4569-9de0-49044b86a377
7ef1bdb2-40ac-470c-aa7e-7be67ef8a64c,6b8f57eb-93ae-44f0-bf04-57e7ad45649b
7ef1bdb2-40ac-470c-aa7e-7be67ef8a64c,
829aaa4d-17af-42ad-b4e6-e0baae66075c,463bdbfe-b10c-4752-bfbc-7b827f6c48ba
829aaa4d-17af-42ad-b4e6-e0baae66075c,339fd2f6-1515-4146-b541-d0177895c0b2
829aaa4d-17af-42ad-b4e6-e0baae66075c,
829aaa4d-17af-42ad-b4e6-e0baae66075c,ba7496d7-3f2b-42e1-af7e-4d8daa9dff25
829aaa4d-17af-42ad-b4e6-e0baae66075c,2fe07231-8a05-49b3-bdb3-2317acecc94b
829aaa4d-17af-42ad-b4e6-e0baae66075c,c80aa305-cb41-42eb-a6d4-debf924a9893
8624f135-03e2-40b0-9b61-c9878892a640,c8aafb41-f46b-40d5-95aa-ebbdd6ec8843
8624f135-03e2-40b0-9b61-c9878892a640,aaf53b41-9f0d-4048-8566-1b5f13eea62b
8624f135-03e2-40b0-9b61-c9878892a640,d10bb8e6-a14e-4803-81f8-d83cd99742b3
866d5d66-9d94-4c62-a2ef-a13e5564cfd4,76b569ef-cf1b-426f-aa05-a31c3f9b3093
866d5d66-9d94-4c62-a2ef-a13e5564cfd4,a7477b74-9335-412d-b238-592699344381
866d5d66-9d94-4c62-a2ef-a13e5564cfd4,9ec30994-551d-46ec-bcc3-671aa7adf6b6
866d5d66-9d94-4c62-a2ef-a13e5564cfd4,4105a99c-3bc8-4097-a4c9-60ef48d8ea98
866d5d66-9d94-4c62-a2ef-a13e5564cfd4,d7bf7b57-10bf-435b-9f35-bfbc309e4a05
866d5d66-9d94-4c62-a2ef-a13e5564cfd4,1006e6a9-bf01-4817-b3b6-0ce9a2b5a4d9
866d5d66-9d94-4c62-a2ef-a13e5564cfd4,007c61f2-353b-4dc1-961d-b1cd05d3fed5
87556fd3-01e0-4f24-b7a6-34df6156d19d,013ce8c3-04aa-4be8-af94-121b255bc2c9
87556fd3-01e0-4f24-b7a6-34df6156d19d,5b4ad53a-ea9d-4a5a-a5c4-0aedc9a8ad68
87556fd3-01e0-4f24-b7a6-34df6156d19d,d6404134-037e-486c-bd7f-995e19a6818a
87556fd3-01e0-4f24-b7a6-34df6156d19d,200ffa5f-9969-444b-8356-221102e4d7d0
87556fd3-01e0-4f24-b7a6-34df6156d19d,a4962d57-c054-4907-a83b-3ee6214812d1
87556fd3-01e0-4f24-b7a6-34df6156d19d,20265035-99e0-45c4-95e6-f7a86b026141
87556fd3-01e0-4f24-b7a6-34df6156d19d,f30736c8-d9a5-41fe-b1a3-7a34e36f1cc0
87556fd3-01e0-4f24-b7a6-34df6156d19d,aa983824-edb2-4233-b2ae-5c834ad6c95c
87556fd3-01e0-4f24-b7a6-34df6156d19d,2d40a0cf-c4f6-44b6-b0fb-83d5015cb383
87556fd3-01e0-4f24-b7a6-34df6156d19d,ce6b7383-eb1c-4f1f-861e-9ce81933e8a6
87556fd3-01e0-4f24-b7a6-34df6156d19d,1dd0dc3a-96af-4e01-8c85-10e4b9b50d65
87556fd3-01e0-4f24-b7a6-34df6156d19d,d1032102-6979-4973-b407-0d369239acb4
87556fd3-01e0-4f24-b7a6-34df6156d19d,c3253a01-be43-49ac-888e-ea8e1b4e4feb
87556fd3-01e0-4f24-b7a6-34df6156d19d,56f1738f-0bda-4656-b035-b6cc949f9a0e
87556fd3-01e0-4f24-b7a6-34df6156d19d,c4f403a6-7d33-4b01-8951-40a6934d1d18
87ce8d0e-8d08-4358-8ede-880a1f5b81eb,f2a04237-85d3-43b8-920a-5cd343114e38
87ce8d0e-8d08-4358-8ede-880a1f5b81eb,92238e6f-169a-448e-b1ea-7823f3a52623
885d885e-04ad-4e7d-999c-456ab02d0a5e,a9cb335f-7891-4c6a-ab14-b2952757a0c8
885d885e-04ad-4e7d-999c-456ab02d0a5e,861f46ec-fe2f-42d2-a67c-b27294161814
885d885e-04ad-4e7d-999c-456ab02d0a5e,97a67561-e788-4116-acbe-333818a3f37b
885d885e-04ad-4e7d-999c-456ab02d0a5e,e9faaa5d-bed1-419b-bfab-1c6488a17cf2
885d885e-04ad-4e7d-999c-456ab02d0a5e,
885d885e-04ad-4e7d-999c-456ab02d0a5e,3563a40a-9515-45c3-9ab9-3651353768f4
885d885e-04ad-4e7d-999c-456ab02d0a5e,8cea65eb-c406-4251-83c9-6352ab1143a4
885d885e-04ad-4e7d-999c-456ab02d0a5e,8ba9d2c1-80d0-417e-8ef4-ba40f2f3da0e
885d885e-04ad-4e7d-999c-456ab02d0a5e,38ab1f31-c319-4da4-822b-7b1f560a6b10
885d885e-04ad-4e7d-999c-456ab02d0a5e,b33f60f9-28a5-47db-8353-3cf6868ec096
885d885e-04ad-4e7d-999c-456ab02d0a5e,e7dcb933-3b60-4568-81a7-9d52e4902434
885d885e-04ad-4e7d-999c-456ab02d0a5e,9c70714f-04c3-4b16-bcc8-8768649058c9
885d885e-04ad-4e7d-999c-456ab02d0a5e,7434a043-5faf-4761-8eb7-ac3bf2d1982c
885d885e-04ad-4e7d-999c-456ab02d0a5e,aef7fcc7-96c0-4e6f-a930-1c47b6075e0f
885d885e-04ad-4e7d-999c-456ab02d0a5e,c8577cfc-5587-426c-81f7-232024da155b
885d885e-04ad-4e7d-999c-456ab02d0a5e,3b8a0009-77eb-4c41-8fd0-e00ac59ebf56
8acd7b88-6c6b-4d98-b8a8-055529217fa0,d68dc0fc-ed31-4123-840a-e0edd2c825a5
8acd7b88-6c6b-4d98-b8a8-055529217fa0,c80aa305-cb41-42eb-a6d4-debf924a9893
8acd7b88-6c6b-4d98-b8a8-055529217fa0,cf5b507c-debe-4c7c-bbf5-348659626795
8d5d0866-c3ec-4306-a56f-9ed4e0d98fd2,1dd0dc3a-96af-4e01-8c85-10e4b9b50d65
8d5d0866-c3ec-4306-a56f-9ed4e0d98fd2,f72a0f5b-f39c-4737-b1f3-674578fcfc38
8e7b4e78-0dd2-4fad-a179-95b72cd75ee0,8ba9d2c1-80d0-417e-8ef4-ba40f2f3da0e
8e7b4e78-0dd2-4fad-a179-95b72cd75ee0,dfb00b09-73fe-4d02-8318-53e882eaac38
8e7b4e78-0dd2-4fad-a179-95b72cd75ee0,c8577cfc-5587-426c-81f7-232024da155b
8e7b4e78-0dd2-4fad-a179-95b72cd75ee0,c853c6a9-ebd7-4c18-9fc0-a7ebee53ad9f
8e7b4e78-0dd2-4fad-a179-95b72cd75ee0,f28a0f7e-3025-49ca-8a49-1aaf23b9d2b9
8e7b4e78-0dd2-4fad-a179-95b72cd75ee0,a584161b-8db9-45c9-8600-c6ae3ddbfaa0
8e7b4e78-0dd2-4fad-a179-95b72cd75ee0,bb97abe5-ebe2-4dd3-8a5f-7c7153c7ba00
8e7b4e78-0dd2-4fad-a179-95b72cd75ee0,07480d3e-0d28-4f81-9fb0-9cf8fc24e3ae
8e7b4e78-0dd2-4fad-a179-95b72cd75ee0,4a16ba1c-b073-479d-ae44-7a67c1265827
8e7b4e78-0dd2-4fad-a179-95b72cd75ee0,064b5aa9-19d4-418f-ad01-55e43d64a382
8e7b4e78-0dd2-4fad-a179-95b72cd75ee0,de47207f-8e13-4747-8654-9d29f7d01e89
8e7b4e78-0dd2-4fad-a179-95b72cd75ee0,79dc5e73-8c75-4840-8cc3-6bad838167a9
8e7b4e78-0dd2-4fad-a179-95b72cd75ee0,313500f2-0335-42d4-94ea-a268666ce8a8
8e7b4e78-0dd2-4fad-a179-95b72cd75ee0,d21647af-8e11-4d68-84a0-0f55160865f6
8f074401-13df-4ab0-a049-e781be86b5af,1dd0dc3a-96af-4e01-8c85-10e4b9b50d65
8f074401-13df-4ab0-a049-e781be86b5af,a6614963-a7bb-4cb8-9078-04772b6401f4
8f074401-13df-4ab0-a049-e781be86b5af,b9dfdd68-457f-4f46-934b-06b06821aefc
8f074401-13df-4ab0-a049-e781be86b5af,22af3e69-8c6e-40ca-b0d2-2b4925571edd
8f074401-13df-4ab0-a049-e781be86b5af,5cdd9610-56c0-4234-b5b6-4486c381a05b
8f074401-13df-4ab0-a049-e781be86b5af,2d2929a1-bd3d-446c-943e-8dd8b9c5ccb7
8f074401-13df-4ab0-a049-e781be86b5af,7beb720a-4e90-47a0-b685-fd3cbc045552
8f074401-13df-4ab0-a049-e781be86b5af,9ecb6f16-c796-4e7e-830b-ad9c49af54db
8f074401-13df-4ab0-a049-e781be86b5af,9a35023f-bd4d-4991-982a-5a652a524191
8f074401-13df-4ab0-a049-e781be86b5af,7b86c861-4e2b-4db7-805f-6756ed8aabb3
8f074401-13df-4ab0-a049-e781be86b5af,78cb1d0d-41d8-4193-af9d-7480e03c3377
8f074401-13df-4ab0-a049-e781be86b5af,ae74b428-0888-4df8-9ac4-eaf14e91f5b0
8f074401-13df-4ab0-a049-e781be86b5af,e2271441-34f6-4b56-b706-df9528e06932
8f074401-13df-4ab0-a049-e781be86b5af,7a774e21-293e-434a-96e5-77e77d0ed87b
8f074401-13df-4ab0-a049-e781be86b5af,f7d8f868-257a-4b8f-b53e-0086aa413067
8f074401-13df-4ab0-a049-e781be86b5af,0a432551-41bd-481a-8d74-f322121ef29a
8f074401-13df-4ab0-a049-e781be86b5af,648ba7e8-6e8e-4978-bffe-2cd1d1fa639b
8f074401-13df-4ab0-a049-e781be86b5af,4bb1e563-83fa-4d1b-9aec-47778c312080
8f346316-55c9-44a5-bba2-ee2b16c0de9f,22907238-e79a-4487-b967-e98444a4d2d3
8f346316-55c9-44a5-bba2-ee2b16c0de9f,d03be23f-c1d3-469c-8fa5-10a99ed1aa74
8f346316-55c9-44a5-bba2-ee2b16c0de9f,76b569ef-cf1b-426f-aa05-a31c3f9b3093
8f346316-55c9-44a5-bba2-ee2b16c0de9f,d09a00bc-6f27-428a-8393-a778cc2fef92
8f346316-55c9-44a5-bba2-ee2b16c0de9f,a7477b74-9335-412d-b238-592699344381
932576d2-a51c-44c8-8e4c-c18374e73d9d,e773ab64-a6df-49d5-a95e-4f351ee9f45f
932576d2-a51c-44c8-8e4c-c18374e73d9d,677a4957-fa65-4f9f-aee5-84e0aa100f0f
96d8bb3b-686e-4bde-a875-53596e94f46f,e8ecc58c-d2da-42ab-aef9-b2c28c577a8c
96d8bb3b-686e-4bde-a875-53596e94f46f,c8577cfc-5587-426c-81f7-232024da155b
96d8bb3b-686e-4bde-a875-53596e94f46f,daebcc60-a294-47c3-9889-c581b11dac32
96d8bb3b-686e-4bde-a875-53596e94f46f,ad6cf595-be3d-4ad8-9056-6fda27bac2c2
96d8bb3b-686e-4bde-a875-53596e94f46f,8c6cc03a-6394-44c6-a25d-aedea64a9d55
96d8bb3b-686e-4bde-a875-53596e94f46f,26be00b7-e64e-4565-a5f2-030d17d7c9eb
96d8bb3b-686e-4bde-a875-53596e94f46f,350c5ad5-048a-4502-b16a-9b63bf3e3333
96d8bb3b-686e-4bde-a875-53596e94f46f,4a1de748-3b6d-4aa0-832b-2668cbfaff2d
96d8bb3b-686e-4bde-a875-53596e94f46f,e24ae849-a44a-482e-891e-0a008474fa2b
96d8bb3b-686e-4bde-a875-53596e94f46f,947cad40-1bbc-4d93-9203-79bbff1d46b0
96d8bb3b-686e-4bde-a875-53596e94f46f,fabd1541-3177-40f5-917d-3a3e256bee2b
98080ec2-c8a3-418b-a8b7-9976588471b4,01555428-9f52-4fd0-ab08-1fc74fd8378d
98266e9f-82f0-4f0f-bb78-66493a53c261,86a7c6f3-16c4-4fb8-a239-79a800b53d74
98266e9f-82f0-4f0f-bb78-66493a53c261,416ef15b-fdca-447a-a094-8ef25ba57667
98266e9f-82f0-4f0f-bb78-66493a53c261,4109c241-1039-4e4c-a94f-ea0a40b68883
98266e9f-82f0-4f0f-bb78-66493a53c261,213add63-06ac-4473-b5ff-3fe35c388cb8
98266e9f-82f0-4f0f-bb78-66493a53c261,6069a9a6-5356-4de0-9368-1a2204481586
98266e9f-82f0-4f0f-bb78-66493a53c261,f3d4063a-587b-45f9-a823-b16c96963d22
98266e9f-82f0-4f0f-bb78-66493a53c261,3b8a0009-77eb-4c41-8fd0-e00ac59ebf56
98266e9f-82f0-4f0f-bb78-66493a53c261,c8577cfc-5587-426c-81f7-232024da155b
98266e9f-82f0-4f0f-bb78-66493a53c261,4c7d0afe-b29c-43ac-b6d4-3c0d55231938
98266e9f-82f0-4f0f-bb78-66493a53c261,3563a40a-9515-45c3-9ab9-3651353768f4
98266e9f-82f0-4f0f-bb78-66493a53c261,a25166bb-91b4-49fd-91e1-4a684a5a4252
98fee56b-8655-4995-9e0d-c661824abea1,9362844a-81e3-4d9f-b598-4e6d05719792
98fee56b-8655-4995-9e0d-c661824abea1,f56b4fdd-8b1a-44ef-9a62-971f89f197a6
98fee56b-8655-4995-9e0d-c661824abea1,a26e0033-93dd-4d24-8dde-714e6c09ef85
98fee56b-8655-4995-9e0d-c661824abea1,d7040986-e96c-4ad4-a5d6-8818982f1400
98fee56b-8655-4995-9e0d-c661824abea1,f50baf48-8c36-4257-9775-dabed645126c
98fee56b-8655-4995-9e0d-c661824abea1,b013b7ff-7091-476d-925a-5e6083f7b769
98fee56b-8655-4995-9e0d-c661824abea1,9b2d512a-88a9-4683-a5d7-001bc6092f54
98fee56b-8655-4995-9e0d-c661824abea1,b63a51c2-6baf-4510-9ac2-6e432a267c5f
98fee56b-8655-4995-9e0d-c661824abea1,0ffd4db3-932f-4e44-9723-21478fa52833
98fee56b-8655-4995-9e0d-c661824abea1,
98fee56b-8655-4995-9e0d-c661824abea1,6a06e32c-1155-490a-b089-8f4adfa0b93c
98fee56b-8655-4995-9e0d-c661824abea1,29c7336b-ee68-4033-a5fd-f07e0be3dca7
98fee56b-8655-4995-9e0d-c661824abea1,e4bb3d32-2688-4a56-83df-7f7fb645acf8
9a2b1612-c6e2-479c-abd1-d422c98a5690,2e7e2ac6-0696-4869-b56a-688c47a8441f
9a2b1612-c6e2-479c-abd1-d422c98a5690,d7bf7b57-10bf-435b-9f35-bfbc309e4a05
9a2b1612-c6e2-479c-abd1-d422c98a5690,37c1a36a-e4ea-4229-98d5-95a6af04156d
9a2b1612-c6e2-479c-abd1-d422c98a5690,65f7c99c-3f64-4bd1-b512-ca6dbbef8d61
9a2b1612-c6e2-479c-abd1-d422c98a5690,7d6672b4-8e81-4e6e-be05-9f035f106ca0
9a2b1612-c6e2-479c-abd1-d422c98a5690,c179b61f-b41e-4391-beaa-6e3e352084f7
9a2b1612-c6e2-479c-abd1-d422c98a5690,a20899a7-4835-4c28-98b0-f484229fb8ad
9a2b1612-c6e2-479c-abd1-d422c98a5690,c0383a6c-31ab-4f54-a183-3c31fde40792
9a2b1612-c6e2-479c-abd1-d422c98a5690,ee066748-5d44-4286-bac4-34d6d602e1fa
9a2b1612-c6e2-479c-abd1-d422c98a5690,aaa3f481-e54e-4af4-a20d-68218061acd8
9a2b1612-c6e2-479c-abd1-d422c98a5690,64f75b39-3246-4c67-a374-37718809f9cd
9a2b1612-c6e2-479c-abd1-d422c98a5690,ef5a565a-ee91-46f4-a348-b313fdb6d7de
9a2b1612-c6e2-479c-abd1-d422c98a5690,c171d6c1-82e1-499d-bd0f-e84027625cc7
9bcc51fa-6d6d-47a7-8d1c-27afd5321871,3354d841-9a02-43a2-9171-f75b77d981f4
9bcc51fa-6d6d-47a7-8d1c-27afd5321871,5a366f73-a855-4dee-9eea-abc176f1009a
9bcc51fa-6d6d-47a7-8d1c-27afd5321871,f08fcad4-e885-4f64-b0a2-b92688547a60
9bcc51fa-6d6d-47a7-8d1c-27afd5321871,608f1e11-e59d-451d-b42e-368e115914a6
9bcc51fa-6d6d-47a7-8d1c-27afd5321871,46fb85dc-f8fb-4aa0-8ff7-40a89f5a3473
9bcc51fa-6d6d-47a7-8d1c-27afd5321871,9673213f-76d5-4ca1-8bf8-c1cbf922436b
9bcc51fa-6d6d-47a7-8d1c-27afd5321871,816fabe6-3312-4ff6-a4c7-baf02ec402da
9bcc51fa-6d6d-47a7-8d1c-27afd5321871,f9c79f76-fc33-4adc-a54b-5e1fb5906d84
9bcc51fa-6d6d-47a7-8d1c-27afd5321871,981427d8-2ad5-4db2-a59e-1e6047b9c252
9bcc51fa-6d6d-47a7-8d1c-27afd5321871,c18210d4-ac18-4594-b0e0-0470d6041b51
a38d0eee-50cb-40e7-ae94-e35cb1964abf,9a0807d9-19a0-478d-89f7-6e7c304070a0
a38d0eee-50cb-40e7-ae94-e35cb1964abf,9f96b638-7920-4745-ab73-311cfa09b971
a38d0eee-50cb-40e7-ae94-e35cb1964abf,aaf53b41-9f0d-4048-8566-1b5f13eea62b
a3be8dec-f5b2-408f-81dc-0bd43da83eae,f2a04237-85d3-43b8-920a-5cd343114e38
a3be8dec-f5b2-408f-81dc-0bd43da83eae,92238e6f-169a-448e-b1ea-7823f3a52623
a40cdf66-859f-4ef1-9517-89ae6a90f36a,f08fcad4-e885-4f64-b0a2-b92688547a60
a40cdf66-859f-4ef1-9517-89ae6a90f36a,4e4a7322-d749-429a-87b9-12204688ba6f
a40cdf66-859f-4ef1-9517-89ae6a90f36a,73f52410-3df1-4ec3-905f-bf50aac4fe36
a40cdf66-859f-4ef1-9517-89ae6a90f36a,475096c8-2d75-49fc-8fd7-98fc897e14ad
a40cdf66-859f-4ef1-9517-89ae6a90f36a,cafa795d-63b2-4ce5-92bf-87d35e89ab94
a40cdf66-859f-4ef1-9517-89ae6a90f36a,0fdf1ebd-2645-4978-b403-c22ab3da6583
a40cdf66-859f-4ef1-9517-89ae6a90f36a,0a432551-41bd-481a-8d74-f322121ef29a
a40cdf66-859f-4ef1-9517-89ae6a90f36a,4bb1e563-83fa-4d1b-9aec-47778c312080
a40cdf66-859f-4ef1-9517-89ae6a90f36a,5cdd9610-56c0-4234-b5b6-4486c381a05b
a40cdf66-859f-4ef1-9517-89ae6a90f36a,ae74b428-0888-4df8-9ac4-eaf14e91f5b0
a40cdf66-859f-4ef1-9517-89ae6a90f36a,
a5d48857-0242-4ea5-b4b3-aa68ad808320,4f87c7d7-84ae-4bf3-835e-6e685f6b3cb2
a5d48857-0242-4ea5-b4b3-aa68ad808320,6274c53b-8824-4a91-9d34-f8f20f2120c3
a5d48857-0242-4ea5-b4b3-aa68ad808320,eb528717-a68e-4446-b1da-3d5b82895e73
a5d48857-0242-4ea5-b4b3-aa68ad808320,10a13931-7075-4cd4-86b2-1872d0fa6777
a5d48857-0242-4ea5-b4b3-aa68ad808320,611968f1-3dd0-4182-b864-f69d949fd801
a5d48857-0242-4ea5-b4b3-aa68ad808320,77f756e9-133e-4199-8f01-37f83dfe0fb9
a5d48857-0242-4ea5-b4b3-aa68ad808320,8f42d320-00b3-4057-b9df-66b39edea304
a5d48857-0242-4ea5-b4b3-aa68ad808320,7c87f7c8-4247-4264-913c-42f1bae45245
a5d48857-0242-4ea5-b4b3-aa68ad808320,1d6603fe-fbf9-4c39-8dbf-62d8a33e7446
a5d48857-0242-4ea5-b4b3-aa68ad808320,f3a910ee-4aba-4072-8ebc-dfc7828ec6af
a5d48857-0242-4ea5-b4b3-aa68ad808320,9c7fb865-b24e-4cc7-8128-55bb6d82e84b
a6764508-7efd-4103-ac3e-6298c9e1051a,f2a04237-85d3-43b8-920a-5cd343114e38
a6764508-7efd-4103-ac3e-6298c9e1051a,9082b350-bc05-48ef-b50b-832abc26968c
a6fe07b8-4877-4c6e-868b-7da99d0d4594,2fb3f595-f90b-4edf-a0eb-00fb955bc3e0
a6fe07b8-4877-4c6e-868b-7da99d0d4594,eef975c7-5b65-4bfe-8a4a-436a2a2ba48c
a6fe07b8-4877-4c6e-868b-7da99d0d4594,9a955d6f-295a-4d8d-a7b0-5ef2136bf6d7
a6fe07b8-4877-4c6e-868b-7da99d0d4594,1ed56b62-d214-4472-b5ae-fd23d91a69e9
a6fe07b8-4877-4c6e-868b-7da99d0d4594,b82732a8-89c5-4c78-8166-5bf28e5e6bbf
a6fe07b8-4877-4c6e-868b-7da99d0d4594,07531271-22ce-4668-8976-fc84565a3940
a6fe07b8-4877-4c6e-868b-7da99d0d4594,962f3e6f-d164-45a3-8ae0-505f2a1986b3
a6fe07b8-4877-4c6e-868b-7da99d0d4594,74ee0d13-93a9-4fd5-8744-1e50f12a57a9
a6fe07b8-4877-4c6e-868b-7da99d0d4594,fa8a5171-698c-4634-ac3d-3e10d8601dc8
a6fe07b8-4877-4c6e-868b-7da99d0d4594,993b2bb7-baad-4c26-ae8c-c934615cdf85
a6fe07b8-4877-4c6e-868b-7da99d0d4594,da7b51f7-c455-40cf-8e82-c1e80a22dd7c
a6fe07b8-4877-4c6e-868b-7da99d0d4594,380f7a04-f688-47c4-9dda-682263ec053f
a6fe07b8-4877-4c6e-868b-7da99d0d4594,5bdc66e4-4cf3-4fec-adff-dd1ff0266047
a6fe07b8-4877-4c6e-868b-7da99d0d4594,a4262d2b-5736-4158-bb0c-22b098b3d773
a6fe07b8-4877-4c6e-868b-7da99d0d4594,8f424000-8dc7-4cc8-98ff-76213d639b4c
a6fe07b8-4877-4c6e-868b-7da99d0d4594,2bc5f6a6-a51d-4bc6-8b7d-f8c80a55bee3
a6fe07b8-4877-4c6e-868b-7da99d0d4594,
a7b916a6-45f3-46b5-b2de-771bffb149f4,1dd0dc3a-96af-4e01-8c85-10e4b9b50d65
a7b916a6-45f3-46b5-b2de-771bffb149f4,
a7b916a6-45f3-46b5-b2de-771bffb149f4,f72a0f5b-f39c-4737-b1f3-674578fcfc38
aa606e46-3dbc-40a1-b257-9eacc401958f,02f4684a-f8fc-46ac-bc9f-7481efd24b5b
aa606e46-3dbc-40a1-b257-9eacc401958f,9362844a-81e3-4d9f-b598-4e6d05719792
aa606e46-3dbc-40a1-b257-9eacc401958f,87cb3eed-9ada-467f-8e90-03e3c82a1f5c
aa606e46-3dbc-40a1-b257-9eacc401958f,a1182f7e-5337-4ad6-a7df-ff4423abf3df
aa606e46-3dbc-40a1-b257-9eacc401958f,b63a51c2-6baf-4510-9ac2-6e432a267c5f
aa606e46-3dbc-40a1-b257-9eacc401958f,5a07a0ec-df24-4c53-8f96-7354268b9f81
aa6aa70b-76a5-457e-b657-ba6548e94ce6,ab7f32bf-d71d-480e-bef2-776d9fe56ce6
aa6aa70b-76a5-457e-b657-ba6548e94ce6,6b8f57eb-93ae-44f0-bf04-57e7ad45649b
aa6aa70b-76a5-457e-b657-ba6548e94ce6,907a4f06-cdc6-4a74-9582-605679f7039d
aa6aa70b-76a5-457e-b657-ba6548e94ce6,119f3cad-7d6e-430c-aeef-92351c0e1bd9
aa6aa70b-76a5-457e-b657-ba6548e94ce6,
aa6aa70b-76a5-457e-b657-ba6548e94ce6,d74532cc-7077-4648-b52e-fd0f76400d36
ad784555-0b1e-4183-8dbd-c5fe05139e9e,9a0807d9-19a0-478d-89f7-6e7c304070a0
ad784555-0b1e-4183-8dbd-c5fe05139e9e,
ad784555-0b1e-4183-8dbd-c5fe05139e9e,aaf53b41-9f0d-4048-8566-1b5f13eea62b
ad784555-0b1e-4183-8dbd-c5fe05139e9e,8f799835-1178-4c90-aef5-e84c75fb5f7a
b2b2cbd7-5657-4dd8-bf0b-2978e6fdf10a,f56b4fdd-8b1a-44ef-9a62-971f89f197a6
b2b2cbd7-5657-4dd8-bf0b-2978e6fdf10a,a26e0033-93dd-4d24-8dde-714e6c09ef85
b2b2cbd7-5657-4dd8-bf0b-2978e6fdf10a,d7040986-e96c-4ad4-a5d6-8818982f1400
b2b2cbd7-5657-4dd8-bf0b-2978e6fdf10a,f50baf48-8c36-4257-9775-dabed645126c
b2b2cbd7-5657-4dd8-bf0b-2978e6fdf10a,b013b7ff-7091-476d-925a-5e6083f7b769
b2b2cbd7-5657-4dd8-bf0b-2978e6fdf10a,b63a51c2-6baf-4510-9ac2-6e432a267c5f
b2b2cbd7-5657-4dd8-bf0b-2978e6fdf10a,9b2d512a-88a9-4683-a5d7-001bc6092f54
b2b2cbd7-5657-4dd8-bf0b-2978e6fdf10a,
b2b2cbd7-5657-4dd8-bf0b-2978e6fdf10a,0ffd4db3-932f-4e44-9723-21478fa52833
b2b2cbd7-5657-4dd8-bf0b-2978e6fdf10a,6a06e32c-1155-490a-b089-8f4adfa0b93c
b2b2cbd7-5657-4dd8-bf0b-2978e6fdf10a,29c7336b-ee68-4033-a5fd-f07e0be3dca7
b2b2cbd7-5657-4dd8-bf0b-2978e6fdf10a,e4bb3d32-2688-4a56-83df-7f7fb645acf8
b4417cc9-bb6c-4804-944c-52ab156630e6,
b54febb3-c2d6-428d-99cc-75e8742eb013,9709e37c-acbf-45ab-ba3b-44d163cc4828
b54febb3-c2d6-428d-99cc-75e8742eb013,611968f1-3dd0-4182-b864-f69d949fd801
b54febb3-c2d6-428d-99cc-75e8742eb013,941d1414-15fd-4f4d-b407-c3eca556f22f
b54febb3-c2d6-428d-99cc-75e8742eb013,cb70a843-0f02-40f4-a59f-56a7dd0c4129
b54febb3-c2d6-428d-99cc-75e8742eb013,7ce805c3-c7b4-4cc7-954e-1245a862edeb
b54febb3-c2d6-428d-99cc-75e8742eb013,c8577cfc-5587-426c-81f7-232024da155b
b54febb3-c2d6-428d-99cc-75e8742eb013,c25de386-de20-4a7a-990e-6f6603d34930
b54febb3-c2d6-428d-99cc-75e8742eb013,97654620-8fc0-4cd3-b82c-02f37bbfa71f
b54febb3-c2d6-428d-99cc-75e8742eb013,cbf35826-34f9-4a38-9020-7b240c7869d4
b54febb3-c2d6-428d-99cc-75e8742eb013,f30736c8-d9a5-41fe-b1a3-7a34e36f1cc0
b54febb3-c2d6-428d-99cc-75e8742eb013,dd1aca50-818f-4104-8033-5f33709c7892
b54febb3-c2d6-428d-99cc-75e8742eb013,7c7d5051-5c27-4963-be91-1e3e28ee5170
b87f81b5-4d95-4dc0-a3c2-abc373b8be5e,78cb1d0d-41d8-4193-af9d-7480e03c3377
b87f81b5-4d95-4dc0-a3c2-abc373b8be5e,2dd2037a-6121-4065-9be1-4e6624151485
b87f81b5-4d95-4dc0-a3c2-abc373b8be5e,2d2929a1-bd3d-446c-943e-8dd8b9c5ccb7
b87f81b5-4d95-4dc0-a3c2-abc373b8be5e,268fe878-51ee-4d9a-ad05-086f96daf7cb
b87f81b5-4d95-4dc0-a3c2-abc373b8be5e,030e21a6-4f60-4243-bf67-7c8bbb6697ee
b87f81b5-4d95-4dc0-a3c2-abc373b8be5e,d1032102-6979-4973-b407-0d369239acb4
b87f81b5-4d95-4dc0-a3c2-abc373b8be5e,c0ecbced-2424-4a47-9c6e-6f0ac4d2daa3
b9f0cca3-7e09-4354-b201-6db450f19c24,26be00b7-e64e-4565-a5f2-030d17d7c9eb
b9f0cca3-7e09-4354-b201-6db450f19c24,947cad40-1bbc-4d93-9203-79bbff1d46b0
b9f0cca3-7e09-4354-b201-6db450f19c24,fabd1541-3177-40f5-917d-3a3e256bee2b
b9f0cca3-7e09-4354-b201-6db450f19c24,ad6cf595-be3d-4ad8-9056-6fda27bac2c2
b9f0cca3-7e09-4354-b201-6db450f19c24,f3d4063a-587b-45f9-a823-b16c96963d22
b9f0cca3-7e09-4354-b201-6db450f19c24,4a1de748-3b6d-4aa0-832b-2668cbfaff2d
b9f0cca3-7e09-4354-b201-6db450f19c24,c8577cfc-5587-426c-81f7-232024da155b
b9f0cca3-7e09-4354-b201-6db450f19c24,416ef15b-fdca-447a-a094-8ef25ba57667
b9f0cca3-7e09-4354-b201-6db450f19c24,42704d56-956d-44d2-9cdc-763191132716
b9f0cca3-7e09-4354-b201-6db450f19c24,fed99cb8-7c9e-4d1b-bb72-239c8a92b58c
bb00ce83-f3d9-4650-958a-87eddbaffd8b,5364df42-ccc8-49b2-ab79-f45071e00e47
bb00ce83-f3d9-4650-958a-87eddbaffd8b,2dd2037a-6121-4065-9be1-4e6624151485
bb00ce83-f3d9-4650-958a-87eddbaffd8b,5121774e-3a50-48ff-bb28-d0e8f995d769
bb00ce83-f3d9-4650-958a-87eddbaffd8b,e7a4ec98-a7aa-49c9-95f6-d21d9a36d443
bb00ce83-f3d9-4650-958a-87eddbaffd8b,56296605-9f72-40dd-90b5-c7e27098ff59
bb00ce83-f3d9-4650-958a-87eddbaffd8b,78221052-807c-454f-96dd-c89c925016e5
bb00ce83-f3d9-4650-958a-87eddbaffd8b,78cb1d0d-41d8-4193-af9d-7480e03c3377
bb00ce83-f3d9-4650-958a-87eddbaffd8b,105b2770-31b6-478b-90ea-b7ec3890ea01
bb00ce83-f3d9-4650-958a-87eddbaffd8b,71951a57-ea1c-4f8c-91ef-372dabba3a77
bb00ce83-f3d9-4650-958a-87eddbaffd8b,56f1738f-0bda-4656-b035-b6cc949f9a0e
bb00ce83-f3d9-4650-958a-87eddbaffd8b,d1032102-6979-4973-b407-0d369239acb4
bb00ce83-f3d9-4650-958a-87eddbaffd8b,268fe878-51ee-4d9a-ad05-086f96daf7cb
bb00ce83-f3d9-4650-958a-87eddbaffd8b,2f181b39-512d-45cb-ac77-4fd96034f54b
bb00ce83-f3d9-4650-958a-87eddbaffd8b,8cdbc9f2-8b5e-44de-8129-d41dc2cce5bf
bb00ce83-f3d9-4650-958a-87eddbaffd8b,ee1166db-f0e7-406a-bc98-ac8d1c4f097b
bb00ce83-f3d9-4650-958a-87eddbaffd8b,c0ecbced-2424-4a47-9c6e-6f0ac4d2daa3
bc093020-f45f-41a9-9c9f-0ffe253f5da7,
bcf46e0d-0753-49e0-b695-6dda58de1e8f,ab7f32bf-d71d-480e-bef2-776d9fe56ce6
bcf46e0d-0753-49e0-b695-6dda58de1e8f,6b8f57eb-93ae-44f0-bf04-57e7ad45649b
bcf46e0d-0753-49e0-b695-6dda58de1e8f,907a4f06-cdc6-4a74-9582-605679f7039d
bcf46e0d-0753-49e0-b695-6dda58de1e8f,119f3cad-7d6e-430c-aeef-92351c0e1bd9
bcf46e0d-0753-49e0-b695-6dda58de1e8f,
bcf46e0d-0753-49e0-b695-6dda58de1e8f,d74532cc-7077-4648-b52e-fd0f76400d36
be45c0bf-7dd7-446a-b1fb-df3603810a3e,9362844a-81e3-4d9f-b598-4e6d05719792
be45c0bf-7dd7-446a-b1fb-df3603810a3e,87cb3eed-9ada-467f-8e90-03e3c82a1f5c
be45c0bf-7dd7-446a-b1fb-df3603810a3e,a1182f7e-5337-4ad6-a7df-ff4423abf3df
be45c0bf-7dd7-446a-b1fb-df3603810a3e,b63a51c2-6baf-4510-9ac2-6e432a267c5f
be45c0bf-7dd7-446a-b1fb-df3603810a3e,5a07a0ec-df24-4c53-8f96-7354268b9f81
bf3453d5-d731-4072-92ea-7ca5d3699edc,8ecceebe-3af7-4e49-94cd-1d85a64761b8
bf3453d5-d731-4072-92ea-7ca5d3699edc,ed1d0b31-c4b8-4202-957c-79d305a26207
bf3453d5-d731-4072-92ea-7ca5d3699edc,eb71c386-21e4-4ded-801d-2452e5eb9155
bf3453d5-d731-4072-92ea-7ca5d3699edc,4a86bd4b-bf3f-4233-b3c5-760c23bc8067
bf9db69f-b9d3-498a-9789-bc4fbff7b1f2,8997e0a0-bdcc-4360-94a4-bae05a22afd5
bf9db69f-b9d3-498a-9789-bc4fbff7b1f2,5568afb6-79a2-4ec7-a82f-3e31faefd254
bf9db69f-b9d3-498a-9789-bc4fbff7b1f2,aaf53a6b-d63a-4997-8fc4-06c68223fa5c
bf9db69f-b9d3-498a-9789-bc4fbff7b1f2,aef7fcc7-96c0-4e6f-a930-1c47b6075e0f
bf9db69f-b9d3-498a-9789-bc4fbff7b1f2,c8577cfc-5587-426c-81f7-232024da155b
bf9db69f-b9d3-498a-9789-bc4fbff7b1f2,1082bd10-4590-44cd-adeb-d372aac6a36c
bf9db69f-b9d3-498a-9789-bc4fbff7b1f2,606e79ca-339d-4a28-8587-6c095f0266a7
bf9db69f-b9d3-498a-9789-bc4fbff7b1f2,c0976766-98a3-45cc-82df-e05b13129271
bf9db69f-b9d3-498a-9789-bc4fbff7b1f2,b083a31a-cc98-4d30-97ba-c4842c28e281
bf9db69f-b9d3-498a-9789-bc4fbff7b1f2,4a16ba1c-b073-479d-ae44-7a67c1265827
bf9db69f-b9d3-498a-9789-bc4fbff7b1f2,ec3d9ab7-8f5c-4d6c-88a3-987bd78cf9cf
bf9db69f-b9d3-498a-9789-bc4fbff7b1f2,f2ce2479-3ec7-4786-a5c7-e7d43f3e4496
bf9db69f-b9d3-498a-9789-bc4fbff7b1f2,38ab1f31-c319-4da4-822b-7b1f560a6b10
bf9db69f-b9d3-498a-9789-bc4fbff7b1f2,afc05ab1-07e9-41cc-b773-cc22567cd89c
bf9db69f-b9d3-498a-9789-bc4fbff7b1f2,986f0419-3f62-48f7-acb8-2492a2c5029f
bf9db69f-b9d3-498a-9789-bc4fbff7b1f2,aa9014cd-90e1-4e99-9133-9559567fc06a
bf9db69f-b9d3-498a-9789-bc4fbff7b1f2,2e64a2a9-39d1-4074-9af3-e9f09094fc3e
bfce1054-93f9-43c2-904a-e014920cc977,f70cbffd-323f-4829-bf31-309fc09467c8
bfce1054-93f9-43c2-904a-e014920cc977,4d880c3e-e191-4e18-8bb7-b67d7c8e0fc1
bfce1054-93f9-43c2-904a-e014920cc977,e7a77426-357c-4160-a701-e11df84046f7
bfce1054-93f9-43c2-904a-e014920cc977,046070ba-33ac-4b00-8141-d118cf6669b6
bfce1054-93f9-43c2-904a-e014920cc977,df6c9feb-a957-46c3-aa16-2ba21dffc554
bfce1054-93f9-43c2-904a-e014920cc977,
c15b28c1-eeeb-497f-9ba2-333237319892,1c033629-b6ef-4715-bb52-31c8033e5826
c15b28c1-eeeb-497f-9ba2-333237319892,081191af-8c81-4ca9-ab5f-3bd4cec5b389
c15b28c1-eeeb-497f-9ba2-333237319892,65f7c99c-3f64-4bd1-b512-ca6dbbef8d61
c15b28c1-eeeb-497f-9ba2-333237319892,a20899a7-4835-4c28-98b0-f484229fb8ad
c15b28c1-eeeb-497f-9ba2-333237319892,d54a1db6-1677-44ce-9511-42cf21dea587
c15b28c1-eeeb-497f-9ba2-333237319892,7d701315-279c-49b7-b846-2a2b615f2144
c15b28c1-eeeb-497f-9ba2-333237319892,9602445b-d9c8-4647-be0f-7da65fdc5be0
c15b28c1-eeeb-497f-9ba2-333237319892,64f75b39-3246-4c67-a374-37718809f9cd
c15b28c1-eeeb-497f-9ba2-333237319892,1006e6a9-bf01-4817-b3b6-0ce9a2b5a4d9
c15b28c1-eeeb-497f-9ba2-333237319892,f515780d-12d7-4b80-ac4b-9d2de02c5bee
c15b28c1-eeeb-497f-9ba2-333237319892,885ffae3-d119-4d2a-bce3-33542ce8cbb6
c15b28c1-eeeb-497f-9ba2-333237319892,007c61f2-353b-4dc1-961d-b1cd05d3fed5
c23b0c53-65c7-4610-b74d-53ead3e16a16,495cccdd-42d3-43d3-9ff0-00680bd8cfef
c23b0c53-65c7-4610-b74d-53ead3e16a16,b3bdbf5f-90c6-4e12-a3be-8a9000b8e95e
c2d7d906-b341-4aba-a0c5-a3621172ffed,6b8f57eb-93ae-44f0-bf04-57e7ad45649b
c2d7d906-b341-4aba-a0c5-a3621172ffed,
c7876087-0c05-4a2a-b5a9-c2ae6ec7d69a,d7bf7b57-10bf-435b-9f35-bfbc309e4a05
c7876087-0c05-4a2a-b5a9-c2ae6ec7d69a,76b569ef-cf1b-426f-aa05-a31c3f9b3093
c7876087-0c05-4a2a-b5a9-c2ae6ec7d69a,a7477b74-9335-412d-b238-592699344381
c7876087-0c05-4a2a-b5a9-c2ae6ec7d69a,9338dc14-9261-4e35-8f07-24fd2eb393af
c7876087-0c05-4a2a-b5a9-c2ae6ec7d69a,1c033629-b6ef-4715-bb52-31c8033e5826
c9cc0745-a4a8-440e-a0f5-3de6fe9fa124,3be8319c-a489-4fc3-9e47-6ae1c308da87
c9cc0745-a4a8-440e-a0f5-3de6fe9fa124,5dde9499-9787-4418-842b-b6a53d925c8e
c9cc0745-a4a8-440e-a0f5-3de6fe9fa124,0423f21a-3955-46d2-bff0-912f2486a848
c9cc0745-a4a8-440e-a0f5-3de6fe9fa124,c18210d4-ac18-4594-b0e0-0470d6041b51
c9cc0745-a4a8-440e-a0f5-3de6fe9fa124,8ce88f92-e36c-482e-8c5c-df049b9aa0f1
c9cc0745-a4a8-440e-a0f5-3de6fe9fa124,7c87f7c8-4247-4264-913c-42f1bae45245
c9cc0745-a4a8-440e-a0f5-3de6fe9fa124,750f29ad-c951-471d-824a-e73a0d27b67f
c9cc0745-a4a8-440e-a0f5-3de6fe9fa124,e4511bf2-49eb-43d9-9a7a-3a4ccc1766f6
c9cc0745-a4a8-440e-a0f5-3de6fe9fa124,1473dd8d-c1e2-4c0c-977f-bc2073b99b76
ca1f51ca-6836-4a3b-baba-c7630b9cd4e5,40856662-0205-4950-99d4-a2b5c02ee03c
ca1f51ca-6836-4a3b-baba-c7630b9cd4e5,ad3cc0af-b3fd-485b-8e6e-d061818aa14d
ca1f51ca-6836-4a3b-baba-c7630b9cd4e5,f3ffe3a7-5a1c-4923-9432-3c7d18aa358b
ca1f51ca-6836-4a3b-baba-c7630b9cd4e5,ac115069-1e80-4d82-af47-8e5d26c40cc6
ca5d39b5-4a6e-48a3-afac-7e3f00474f47,2dd2037a-6121-4065-9be1-4e6624151485
ca5d39b5-4a6e-48a3-afac-7e3f00474f47,2d2929a1-bd3d-446c-943e-8dd8b9c5ccb7
ca5d39b5-4a6e-48a3-afac-7e3f00474f47,268fe878-51ee-4d9a-ad05-086f96daf7cb
ca5d39b5-4a6e-48a3-afac-7e3f00474f47,030e21a6-4f60-4243-bf67-7c8bbb6697ee
ca5d39b5-4a6e-48a3-afac-7e3f00474f47,56f1738f-0bda-4656-b035-b6cc949f9a0e
ca5d39b5-4a6e-48a3-afac-7e3f00474f47,d1032102-6979-4973-b407-0d369239acb4
ca5d39b5-4a6e-48a3-afac-7e3f00474f47,78cb1d0d-41d8-4193-af9d-7480e03c3377
ca5d39b5-4a6e-48a3-afac-7e3f00474f47,c0ecbced-2424-4a47-9c6e-6f0ac4d2daa3
caae796b-a043-4e94-9e96-4065a0c50576,8d5bfa1d-8d8e-4c60-ab6e-bfe3d5fdd085
caae796b-a043-4e94-9e96-4065a0c50576,7f2033df-5e32-4e25-ae74-cd6f23892955
caae796b-a043-4e94-9e96-4065a0c50576,f3a910ee-4aba-4072-8ebc-dfc7828ec6af
caae796b-a043-4e94-9e96-4065a0c50576,e87b810b-26ad-4e5e-b8d0-f1c7857dc013
caae796b-a043-4e94-9e96-4065a0c50576,c910f1dc-aa3e-49de-a522-47f535205178
caae796b-a043-4e94-9e96-4065a0c50576,26f00ee9-73cd-4357-bc57-3c3d30f1c534
caae796b-a043-4e94-9e96-4065a0c50576,913e5b76-ca7e-4cbd-b8c8-5f10a22a401f
caae796b-a043-4e94-9e96-4065a0c50576,516ca506-077f-4487-a01e-3434748ff7c7
caae796b-a043-4e94-9e96-4065a0c50576,03631d0d-7ea0-4bfa-bfc1-d8427ab64e5d
caae796b-a043-4e94-9e96-4065a0c50576,3831e2c3-0bb7-4500-bca4-cd713d0349d6
caae796b-a043-4e94-9e96-4065a0c50576,71951a57-ea1c-4f8c-91ef-372dabba3a77
caae796b-a043-4e94-9e96-4065a0c50576,226fd065-e567-4ab8-8df3-41b64ac956d8
caae796b-a043-4e94-9e96-4065a0c50576,2f70e074-198d-47f2-9fa6-8d7a04fa690b
caae796b-a043-4e94-9e96-4065a0c50576,0154114c-dfc9-46c4-84ea-448720a1b84d
caae796b-a043-4e94-9e96-4065a0c50576,aa4ca354-0e5f-4f34-a15a-4822384b4a3a
cc024d60-c24d-49f7-9b56-7d3810517538,ab7f32bf-d71d-480e-bef2-776d9fe56ce6
cc024d60-c24d-49f7-9b56-7d3810517538,6b8f57eb-93ae-44f0-bf04-57e7ad45649b
cc024d60-c24d-49f7-9b56-7d3810517538,907a4f06-cdc6-4a74-9582-605679f7039d
cc024d60-c24d-49f7-9b56-7d3810517538,119f3cad-7d6e-430c-aeef-92351c0e1bd9
cc024d60-c24d-49f7-9b56-7d3810517538,
cc024d60-c24d-49f7-9b56-7d3810517538,d74532cc-7077-4648-b52e-fd0f76400d36
cdba5551-0de4-422a-a386-67b07b660a3d,305ce724-ac0a-4194-b1df-aff992944929
cdba5551-0de4-422a-a386-67b07b660a3d,9827d69e-b1be-4c99-a1f6-f030a744b58b
cdba5551-0de4-422a-a386-67b07b660a3d,a6aa00ce-28a8-49ee-95ea-dded66661dea
cdba5551-0de4-422a-a386-67b07b660a3d,a6b11f11-78a8-493c-9318-60e2f502bf36
cdba5551-0de4-422a-a386-67b07b660a3d,8e11165e-851f-4562-be21-3ca3c3403164
cdba5551-0de4-422a-a386-67b07b660a3d,2a522ab6-7f7b-478e-b8f1-e0f572b6a9bb
cdba5551-0de4-422a-a386-67b07b660a3d,c514e8f8-2bc1-4a86-a0af-f87314326730
cdba5551-0de4-422a-a386-67b07b660a3d,c8aafb41-f46b-40d5-95aa-ebbdd6ec8843
cdba5551-0de4-422a-a386-67b07b660a3d,3563a40a-9515-45c3-9ab9-3651353768f4
cdba5551-0de4-422a-a386-67b07b660a3d,3b8a0009-77eb-4c41-8fd0-e00ac59ebf56
cdba5551-0de4-422a-a386-67b07b660a3d,2209a3f4-3702-4436-bc06-f394d6f93698
cdba5551-0de4-422a-a386-67b07b660a3d,c8577cfc-5587-426c-81f7-232024da155b
cdba5551-0de4-422a-a386-67b07b660a3d,1353c4ca-058b-48b7-afa9-69ab1e5e85ca
d125f429-3b23-4450-9f09-fce58fd72c74,be371e49-4dd1-4c90-86fa-b992750f0f90
d125f429-3b23-4450-9f09-fce58fd72c74,9ebec383-c723-40b6-9a05-2e8e82c5843e
d125f429-3b23-4450-9f09-fce58fd72c74,56296605-9f72-40dd-90b5-c7e27098ff59
d125f429-3b23-4450-9f09-fce58fd72c74,478ad64b-f74b-4b00-96c0-bc9904310d75
d125f429-3b23-4450-9f09-fce58fd72c74,24b8651e-5ea5-480c-9e5b-1e669e7cde6a
d125f429-3b23-4450-9f09-fce58fd72c74,7a104f25-cd36-41c7-9fc0-1a7a9c4efa5d
d125f429-3b23-4450-9f09-fce58fd72c74,3fcfd360-6a57-4a4b-8a85-317867755feb
d125f429-3b23-4450-9f09-fce58fd72c74,c08b3d5c-4117-414c-b28b-5849d3fdabe0
d125f429-3b23-4450-9f09-fce58fd72c74,46b2ac78-6990-4a1c-83be-01326df1d277
d125f429-3b23-4450-9f09-fce58fd72c74,c18210d4-ac18-4594-b0e0-0470d6041b51
d125f429-3b23-4450-9f09-fce58fd72c74,a6fbfba1-f0e3-44e1-93a2-7a2d1b20f84c
d125f429-3b23-4450-9f09-fce58fd72c74,93df9e94-cd10-4af9-9123-0a8a34594684
d125f429-3b23-4450-9f09-fce58fd72c74,7c11f623-b8e9-41cc-9718-86be8882a8a6
d125f429-3b23-4450-9f09-fce58fd72c74,1dd0dc3a-96af-4e01-8c85-10e4b9b50d65
d66b997c-5c57-4d9b-88b0-1a3bf6485388,ef8f04a2-a67e-467f-b1b5-52f315d8dbda
d66b997c-5c57-4d9b-88b0-1a3bf6485388,987c40ae-3402-446c-93ce-e60acb3eb41c
d66b997c-5c57-4d9b-88b0-1a3bf6485388,4c205e20-aef2-4f47-881a-e164994d72ba
d66b997c-5c57-4d9b-88b0-1a3bf6485388,4aedc9fa-9324-45f2-9740-816f3de20945
d66b997c-5c57-4d9b-88b0-1a3bf6485388,fd2f34c8-5856-4945-8f36-1fff549a43ea
d66b997c-5c57-4d9b-88b0-1a3bf6485388,cc3359d9-04f5-43c2-b2eb-7abc0bf149cd
d66b997c-5c57-4d9b-88b0-1a3bf6485388,4321873a-ec8b-40f2-9bf5-9e68c2eeef0a
d66b997c-5c57-4d9b-88b0-1a3bf6485388,147e6d16-1bc5-4765-946d-b419d487a375
d66b997c-5c57-4d9b-88b0-1a3bf6485388,c8aafb41-f46b-40d5-95aa-ebbdd6ec8843
d66b997c-5c57-4d9b-88b0-1a3bf6485388,3563a40a-9515-45c3-9ab9-3651353768f4
d66b997c-5c57-4d9b-88b0-1a3bf6485388,3b8a0009-77eb-4c41-8fd0-e00ac59ebf56
d66b997c-5c57-4d9b-88b0-1a3bf6485388,f98217a4-e483-41c4-9c42-29b763b78b98
d66b997c-5c57-4d9b-88b0-1a3bf6485388,c8577cfc-5587-426c-81f7-232024da155b
d66b997c-5c57-4d9b-88b0-1a3bf6485388,1353c4ca-058b-48b7-afa9-69ab1e5e85ca
d872ab78-fdbd-4f3e-8718-478d04e9e03d,88cc5ab0-53e5-46e9-98e4-1901ed91c72c
d872ab78-fdbd-4f3e-8718-478d04e9e03d,dd9795c8-aba6-45a7-b801-d760b2604642
d872ab78-fdbd-4f3e-8718-478d04e9e03d,ee219db3-d24e-458e-b652-7e9db38eb3b1
d872ab78-fdbd-4f3e-8718-478d04e9e03d,2032d29a-b60d-45ca-9d9b-ec2bde9ed295
d872ab78-fdbd-4f3e-8718-478d04e9e03d,21231f41-0308-4d4d-aa6a-6a36c4be37de
d872ab78-fdbd-4f3e-8718-478d04e9e03d,d25fbb88-7e5d-4acf-bc02-189623a6bb90
d872ab78-fdbd-4f3e-8718-478d04e9e03d,04ebbc8b-dcfa-4802-8be4-b4c8321e5d9a
d872ab78-fdbd-4f3e-8718-478d04e9e03d,9bd30d0a-cba5-435f-912d-d58318aec41c
d872ab78-fdbd-4f3e-8718-478d04e9e03d,f5068a0b-d24b-464f-9c9d-0aea4e0d5412
d872ab78-fdbd-4f3e-8718-478d04e9e03d,73890571-2b78-4c99-8e81-4f69957385f3
d872ab78-fdbd-4f3e-8718-478d04e9e03d,911aaf77-62bc-40b3-bd3d-5e758ba4e907
d872ab78-fdbd-4f3e-8718-478d04e9e03d,54136481-653b-42a7-a7dc-0c635ef8e230
d872ab78-fdbd-4f3e-8718-478d04e9e03d,
dadd7194-5202-49b8-9d45-0745b670afdc,2dd2037a-6121-4065-9be1-4e6624151485
dadd7194-5202-49b8-9d45-0745b670afdc,78cb1d0d-41d8-4193-af9d-7480e03c3377
dadd7194-5202-49b8-9d45-0745b670afdc,56296605-9f72-40dd-90b5-c7e27098ff59
dadd7194-5202-49b8-9d45-0745b670afdc,78221052-807c-454f-96dd-c89c925016e5
dadd7194-5202-49b8-9d45-0745b670afdc,e7a4ec98-a7aa-49c9-95f6-d21d9a36d443
dadd7194-5202-49b8-9d45-0745b670afdc,105b2770-31b6-478b-90ea-b7ec3890ea01
dadd7194-5202-49b8-9d45-0745b670afdc,2d2929a1-bd3d-446c-943e-8dd8b9c5ccb7
dadd7194-5202-49b8-9d45-0745b670afdc,268fe878-51ee-4d9a-ad05-086f96daf7cb
dadd7194-5202-49b8-9d45-0745b670afdc,030e21a6-4f60-4243-bf67-7c8bbb6697ee
dadd7194-5202-49b8-9d45-0745b670afdc,d1032102-6979-4973-b407-0d369239acb4
dadd7194-5202-49b8-9d45-0745b670afdc,03a1e2e6-2323-4a45-92b8-a7f630c3779e
dadd7194-5202-49b8-9d45-0745b670afdc,ee1166db-f0e7-406a-bc98-ac8d1c4f097b
dadd7194-5202-49b8-9d45-0745b670afdc,c0ecbced-2424-4a47-9c6e-6f0ac4d2daa3
dc8028e8-0b2c-4864-9095-5f78145d5da3,
dc8028e8-0b2c-4864-9095-5f78145d5da3,f30736c8-d9a5-41fe-b1a3-7a34e36f1cc0
dc8028e8-0b2c-4864-9095-5f78145d5da3,fa8a5171-698c-4634-ac3d-3e10d8601dc8
dc8028e8-0b2c-4864-9095-5f78145d5da3,9a955d6f-295a-4d8d-a7b0-5ef2136bf6d7
dc8028e8-0b2c-4864-9095-5f78145d5da3,74ee0d13-93a9-4fd5-8744-1e50f12a57a9
dc8028e8-0b2c-4864-9095-5f78145d5da3,c0ecbced-2424-4a47-9c6e-6f0ac4d2daa3
dc8028e8-0b2c-4864-9095-5f78145d5da3,f24950e0-3e1c-4a47-87bf-0722e72bbcac
dc8028e8-0b2c-4864-9095-5f78145d5da3,4c885c55-2dec-4622-b6e8-d03f560b9350
dc8028e8-0b2c-4864-9095-5f78145d5da3,9488ea53-3cf8-4db3-95f7-ce7da9c46ba8
dc8028e8-0b2c-4864-9095-5f78145d5da3,1ed56b62-d214-4472-b5ae-fd23d91a69e9
dc8028e8-0b2c-4864-9095-5f78145d5da3,da7b51f7-c455-40cf-8e82-c1e80a22dd7c
dc8028e8-0b2c-4864-9095-5f78145d5da3,a4262d2b-5736-4158-bb0c-22b098b3d773
dc8028e8-0b2c-4864-9095-5f78145d5da3,8f424000-8dc7-4cc8-98ff-76213d639b4c
dc8028e8-0b2c-4864-9095-5f78145d5da3,2bc5f6a6-a51d-4bc6-8b7d-f8c80a55bee3
dd547935-2953-418e-ae89-79c70d32b5dc,5364df42-ccc8-49b2-ab79-f45071e00e47
dd547935-2953-418e-ae89-79c70d32b5dc,5121774e-3a50-48ff-bb28-d0e8f995d769
dd547935-2953-418e-ae89-79c70d32b5dc,105b2770-31b6-478b-90ea-b7ec3890ea01
dd547935-2953-418e-ae89-79c70d32b5dc,56296605-9f72-40dd-90b5-c7e27098ff59
dd547935-2953-418e-ae89-79c70d32b5dc,78221052-807c-454f-96dd-c89c925016e5
dd547935-2953-418e-ae89-79c70d32b5dc,e7a4ec98-a7aa-49c9-95f6-d21d9a36d443
dd547935-2953-418e-ae89-79c70d32b5dc,71951a57-ea1c-4f8c-91ef-372dabba3a77
dd547935-2953-418e-ae89-79c70d32b5dc,78cb1d0d-41d8-4193-af9d-7480e03c3377
dd547935-2953-418e-ae89-79c70d32b5dc,56f1738f-0bda-4656-b035-b6cc949f9a0e
dd547935-2953-418e-ae89-79c70d32b5dc,d1032102-6979-4973-b407-0d369239acb4
dd547935-2953-418e-ae89-79c70d32b5dc,2dd2037a-6121-4065-9be1-4e6624151485
dd547935-2953-418e-ae89-79c70d32b5dc,268fe878-51ee-4d9a-ad05-086f96daf7cb
dd547935-2953-418e-ae89-79c70d32b5dc,030e21a6-4f60-4243-bf67-7c8bbb6697ee
dd547935-2953-418e-ae89-79c70d32b5dc,2f181b39-512d-45cb-ac77-4fd96034f54b
dd547935-2953-418e-ae89-79c70d32b5dc,8cdbc9f2-8b5e-44de-8129-d41dc2cce5bf
dd547935-2953-418e-ae89-79c70d32b5dc,ee1166db-f0e7-406a-bc98-ac8d1c4f097b
dd547935-2953-418e-ae89-79c70d32b5dc,c0ecbced-2424-4a47-9c6e-6f0ac4d2daa3
dd750f7e-18b1-44a4-b92b-4413d7af0141,9fee5919-d1ce-41f6-a6b4-67f64659f0bd
dd750f7e-18b1-44a4-b92b-4413d7af0141,6ce80fd9-616f-477b-84d4-c5b223da8883
dd750f7e-18b1-44a4-b92b-4413d7af0141,ae68aedf-d133-478c-a6b4-4c316e5d294f
dd750f7e-18b1-44a4-b92b-4413d7af0141,ce6b7383-eb1c-4f1f-861e-9ce81933e8a6
dd750f7e-18b1-44a4-b92b-4413d7af0141,91079554-8257-4c9d-bc3d-d3a823f458bb
dd750f7e-18b1-44a4-b92b-4413d7af0141,645d5195-8295-4cf9-9cfe-c5e77cf3b7e9
dd750f7e-18b1-44a4-b92b-4413d7af0141,3563a40a-9515-45c3-9ab9-3651353768f4
dda5d008-883c-4ffc-9a29-3d7980468d8d,f241278e-1900-46f0-99c8-b91e8d0018a4
e27f97fa-0bec-4d0b-846b-97dd74754ecf,4d880c3e-e191-4e18-8bb7-b67d7c8e0fc1
e27f97fa-0bec-4d0b-846b-97dd74754ecf,90943d6c-8389-4a7a-ba91-a31af6ebf43c
e27f97fa-0bec-4d0b-846b-97dd74754ecf,f78b2552-b258-4a98-806a-ece7a1ac0792
e27f97fa-0bec-4d0b-846b-97dd74754ecf,9a0807d9-19a0-478d-89f7-6e7c304070a0
e27f97fa-0bec-4d0b-846b-97dd74754ecf,aaf53b41-9f0d-4048-8566-1b5f13eea62b
e27f97fa-0bec-4d0b-846b-97dd74754ecf,9f96b638-7920-4745-ab73-311cfa09b971
e27f97fa-0bec-4d0b-846b-97dd74754ecf,40856662-0205-4950-99d4-a2b5c02ee03c
e27f97fa-0bec-4d0b-846b-97dd74754ecf,b61928f6-a4ea-456b-9d42-2fb0475626c8
e27f97fa-0bec-4d0b-846b-97dd74754ecf,
e27f97fa-0bec-4d0b-846b-97dd74754ecf,7d61f618-b2c6-45ea-a2ba-fb2198bdbd7c
e27f97fa-0bec-4d0b-846b-97dd74754ecf,242a1231-d134-44b4-b8d5-991711ae8a1c
e6fcdd26-1322-4cdf-b2c9-9ab891d64295,0e2a8e22-8c1e-4d2c-834b-070df568acf7
e6fcdd26-1322-4cdf-b2c9-9ab891d64295,f3a910ee-4aba-4072-8ebc-dfc7828ec6af
e6fcdd26-1322-4cdf-b2c9-9ab891d64295,394e12b9-ccdc-4a05-b73d-6b50ec257ef9
e6fcdd26-1322-4cdf-b2c9-9ab891d64295,26f00ee9-73cd-4357-bc57-3c3d30f1c534
e6fcdd26-1322-4cdf-b2c9-9ab891d64295,10a13931-7075-4cd4-86b2-1872d0fa6777
e6fcdd26-1322-4cdf-b2c9-9ab891d64295,08554653-5240-42c9-8031-35c166d85595
e6fcdd26-1322-4cdf-b2c9-9ab891d64295,e3c2f94e-5e34-4a06-aa98-a825aa101bfd
e6fcdd26-1322-4cdf-b2c9-9ab891d64295,6274c53b-8824-4a91-9d34-f8f20f2120c3
e6fcdd26-1322-4cdf-b2c9-9ab891d64295,a79d0863-fea3-48a4-806b-f8da74d2ed01
e6fcdd26-1322-4cdf-b2c9-9ab891d64295,f72a0f5b-f39c-4737-b1f3-674578fcfc38
e6fcdd26-1322-4cdf-b2c9-9ab891d64295,907a4f06-cdc6-4a74-9582-605679f7039d
e6fcdd26-1322-4cdf-b2c9-9ab891d64295,71951a57-ea1c-4f8c-91ef-372dabba3a77
e6fcdd26-1322-4cdf-b2c9-9ab891d64295,78cb1d0d-41d8-4193-af9d-7480e03c3377
e6fcdd26-1322-4cdf-b2c9-9ab891d64295,6401909e-c11b-4e4b-b9af-fa7acd0d61b9
e6fcdd26-1322-4cdf-b2c9-9ab891d64295,dc008292-3e8f-4fdc-91b1-e06f097586af
e6fcdd26-1322-4cdf-b2c9-9ab891d64295,2b9c9880-2193-466e-88d4-f8028d3a2f3b
e6fcdd26-1322-4cdf-b2c9-9ab891d64295,ce26d630-bdf1-445e-a644-74175cafd4cb
e6fcdd26-1322-4cdf-b2c9-9ab891d64295,4fec1168-2096-404b-bd55-696516ac980b
e8d4497c-a25b-45a7-9a1f-6906445dce75,01555428-9f52-4fd0-ab08-1fc74fd8378d
eab485e4-f7e4-4c79-b228-4255d56161c1,2140c903-0d8a-4945-99c5-1ae7c5d1b981
eab485e4-f7e4-4c79-b228-4255d56161c1,
eab485e4-f7e4-4c79-b228-4255d56161c1,64f48209-1f72-4f6a-81c9-756a90050495
eab485e4-f7e4-4c79-b228-4255d56161c1,84061464-8347-4aa2-b2d8-aba082e81dc3
eab485e4-f7e4-4c79-b228-4255d56161c1,e8ecada7-7d32-4e46-a0eb-58885e4cb407
eab485e4-f7e4-4c79-b228-4255d56161c1,73890571-2b78-4c99-8e81-4f69957385f3
eab485e4-f7e4-4c79-b228-4255d56161c1,2a221219-c326-4c7d-a91d-bc906a3b3c2c
eab485e4-f7e4-4c79-b228-4255d56161c1,cafa795d-63b2-4ce5-92bf-87d35e89ab94
eab485e4-f7e4-4c79-b228-4255d56161c1,16180efc-a3eb-4e45-b31a-1a80780abd3c
eab485e4-f7e4-4c79-b228-4255d56161c1,54136481-653b-42a7-a7dc-0c635ef8e230
ee29cce9-644d-4e14-9aca-a88b29aeda21,b952d9bf-3dc1-4349-987f-6aadfc89a219
ee29cce9-644d-4e14-9aca-a88b29aeda21,cc4fb47b-3268-4cd1-8f88-ef5bee719d9d
ee29cce9-644d-4e14-9aca-a88b29aeda21,9eaffd05-4512-467f-98c5-712cd2a9cbf8
ee29cce9-644d-4e14-9aca-a88b29aeda21,aef7fcc7-96c0-4e6f-a930-1c47b6075e0f
ee29cce9-644d-4e14-9aca-a88b29aeda21,c8577cfc-5587-426c-81f7-232024da155b
ee29cce9-644d-4e14-9aca-a88b29aeda21,1082bd10-4590-44cd-adeb-d372aac6a36c
ee29cce9-644d-4e14-9aca-a88b29aeda21,83360617-b1f0-4b54-a784-8a87a40281a0
ee29cce9-644d-4e14-9aca-a88b29aeda21,4cb93e58-bacf-4e33-a39e-b0dcb8e82b72
ee29cce9-644d-4e14-9aca-a88b29aeda21,b083a31a-cc98-4d30-97ba-c4842c28e281
ee29cce9-644d-4e14-9aca-a88b29aeda21,4a16ba1c-b073-479d-ae44-7a67c1265827
ee29cce9-644d-4e14-9aca-a88b29aeda21,cfe4073b-8c25-475c-985f-6c2d0550ed03
ee29cce9-644d-4e14-9aca-a88b29aeda21,f2ce2479-3ec7-4786-a5c7-e7d43f3e4496
ee29cce9-644d-4e14-9aca-a88b29aeda21,ec3d9ab7-8f5c-4d6c-88a3-987bd78cf9cf
ee29cce9-644d-4e14-9aca-a88b29aeda21,8997e0a0-bdcc-4360-94a4-bae05a22afd5
ee29cce9-644d-4e14-9aca-a88b29aeda21,afc05ab1-07e9-41cc-b773-cc22567cd89c
ee29cce9-644d-4e14-9aca-a88b29aeda21,986f0419-3f62-48f7-acb8-2492a2c5029f
ee29cce9-644d-4e14-9aca-a88b29aeda21,aa9014cd-90e1-4e99-9133-9559567fc06a
ef23360f-4a95-405e-bc39-fbc80eb3152f,17280960-248e-464d-a574-bd7d527f2cbb
ef23360f-4a95-405e-bc39-fbc80eb3152f,ba7496d7-3f2b-42e1-af7e-4d8daa9dff25
f1dcf963-a632-4a8a-bfbc-a38ea5f85f7c,79a85d4a-4540-466f-aa88-35a3ef5d953c
f1dcf963-a632-4a8a-bfbc-a38ea5f85f7c,3616fe25-c15f-4d3e-986b-deb3928e21b8
f1dcf963-a632-4a8a-bfbc-a38ea5f85f7c,14ebe8ac-facd-4cc2-b075-52a654612ba6
f1dcf963-a632-4a8a-bfbc-a38ea5f85f7c,493885ce-98b3-4f17-84c3-5ec38540548f
f1dcf963-a632-4a8a-bfbc-a38ea5f85f7c,c14518d8-9c72-4e67-94c0-b333ef4d13d7
f1dcf963-a632-4a8a-bfbc-a38ea5f85f7c,7c87f7c8-4247-4264-913c-42f1bae45245
f1dcf963-a632-4a8a-bfbc-a38ea5f85f7c,3be8319c-a489-4fc3-9e47-6ae1c308da87
f1dcf963-a632-4a8a-bfbc-a38ea5f85f7c,d8038b87-81a0-41b7-b341-1e09bc8c64e2
f1dcf963-a632-4a8a-bfbc-a38ea5f85f7c,5f466268-4a8a-4162-9ecd-b725cae13118
f1dcf963-a632-4a8a-bfbc-a38ea5f85f7c,c8577cfc-5587-426c-81f7-232024da155b
f1dcf963-a632-4a8a-bfbc-a38ea5f85f7c,53bb6a07-bc0a-4c9b-a0e5-58866f4b3e19
f1dcf963-a632-4a8a-bfbc-a38ea5f85f7c,a2f8e82d-6580-4374-9bb7-3e314d575060
f61a4988-7821-4e72-aed4-88e285e7dbbd,3354d841-9a02-43a2-9171-f75b77d981f4
f61a4988-7821-4e72-aed4-88e285e7dbbd,7c11f623-b8e9-41cc-9718-86be8882a8a6
f61a4988-7821-4e72-aed4-88e285e7dbbd,f08fcad4-e885-4f64-b0a2-b92688547a60
f61a4988-7821-4e72-aed4-88e285e7dbbd,47fbf155-af33-4e63-92ae-b340e9fa1b37
f61a4988-7821-4e72-aed4-88e285e7dbbd,f602b48a-d006-4953-8a30-124420d9ba46
f61a4988-7821-4e72-aed4-88e285e7dbbd,74d8338f-ab51-4a26-809a-066c5d6abe20
f61a4988-7821-4e72-aed4-88e285e7dbbd,86ebfeb0-4aa2-48f6-9e0f-06ae4c7c85c6
f61a4988-7821-4e72-aed4-88e285e7dbbd,f9c79f76-fc33-4adc-a54b-5e1fb5906d84
f61a4988-7821-4e72-aed4-88e285e7dbbd,c18210d4-ac18-4594-b0e0-0470d6041b51
f61a4988-7821-4e72-aed4-88e285e7dbbd,899ac354-c440-41d1-9e70-9d90d4df461d
f61a4988-7821-4e72-aed4-88e285e7dbbd,ae002da0-6e2d-4d7a-8a97-2992dfe75142
f61a4988-7821-4e72-aed4-88e285e7dbbd,3fcfd360-6a57-4a4b-8a85-317867755feb
f8724af6-2895-4fb6-ad22-bfde03c8a9dc,01555428-9f52-4fd0-ab08-1fc74fd8378d
f8724af6-2895-4fb6-ad22-bfde03c8a9dc,92238e6f-169a-448e-b1ea-7823f3a52623
fbd34561-9066-477b-a096-d8b34b1ec3bc,c08b3d5c-4117-414c-b28b-5849d3fdabe0
fbd34561-9066-477b-a096-d8b34b1ec3bc,93df9e94-cd10-4af9-9123-0a8a34594684
fbd34561-9066-477b-a096-d8b34b1ec3bc,6228a8d1-f1cc-467e-ae77-31915c5c20ff
fbd34561-9066-477b-a096-d8b34b1ec3bc,859c6bc9-e545-40cc-9d34-ba30c00a5d9b
fbd34561-9066-477b-a096-d8b34b1ec3bc,cafa795d-63b2-4ce5-92bf-87d35e89ab94
fbd34561-9066-477b-a096-d8b34b1ec3bc,478ad64b-f74b-4b00-96c0-bc9904310d75
fbd34561-9066-477b-a096-d8b34b1ec3bc,c18210d4-ac18-4594-b0e0-0470d6041b51
fbd34561-9066-477b-a096-d8b34b1ec3bc,19998143-a236-4a7b-b461-ef361639134f
fbd34561-9066-477b-a096-d8b34b1ec3bc,e4511bf2-49eb-43d9-9a7a-3a4ccc1766f6
fbd34561-9066-477b-a096-d8b34b1ec3bc,3be8319c-a489-4fc3-9e47-6ae1c308da87
fbd34561-9066-477b-a096-d8b34b1ec3bc,7a104f25-cd36-41c7-9fc0-1a7a9c4efa5d
ffc59a7b-9144-4f4f-a212-bee1ab8623b2,14ebe8ac-facd-4cc2-b075-52a654612ba6
ffc59a7b-9144-4f4f-a212-bee1ab8623b2,38ab1f31-c319-4da4-822b-7b1f560a6b10
ffc59a7b-9144-4f4f-a212-bee1ab8623b2,6804eee4-9c59-4c1d-9909-676cbb760f3c
ffc59a7b-9144-4f4f-a212-bee1ab8623b2,d5e7deac-5b0a-4a18-9e12-f446a040295d
ffc59a7b-9144-4f4f-a212-bee1ab8623b2,7c87f7c8-4247-4264-913c-42f1bae45245
ffc59a7b-9144-4f4f-a212-bee1ab8623b2,2e9f2c75-20e4-47a8-ae34-6d5dd79ac8cb
ffc59a7b-9144-4f4f-a212-bee1ab8623b2,611968f1-3dd0-4182-b864-f69d949fd801
ffc59a7b-9144-4f4f-a212-bee1ab8623b2,c8577cfc-5587-426c-81f7-232024da155b
ffc59a7b-9144-4f4f-a212-bee1ab8623b2,d9c215d7-e690-460f-92a9-ea7f1b75d6c0
ffc59a7b-9144-4f4f-a212-bee1ab8623b2,a2f8e82d-6580-4374-9bb7-3e314d575060
ffc59a7b-9144-4f4f-a212-bee1ab8623b2,f1ad598f-3968-4de6-98a7-cfced073066c
